Workbook

Sheet Feuil1
A2: Production nette
A4: AUTO
B6: SOFAC | C6: WFSLF | D6: RCI | E6: VIVALIS | F6: EQDOM | G6: SALAFIN | J6: Marché
A8: ='Syn prin concurents'!$F$13 -> 45722 | B8: ='Syn prin concurents'!F16 -> 2374846.4 | C8: ='Syn prin concurents'!$F$18 -> 1394520.5 | D8: ='Syn prin concurents'!$F$24 -> 776137.95 | E8: ='Syn prin concurents'!$F$20 -> 1034282.2 | F8: ='Syn prin concurents'!F22 -> 543784.17 | G8: ='Syn prin concurents'!F26 -> 142561.56 | I8: ='Syn prin concurents'!$F$13 -> 45722 | J8: ='Syn prin concurents'!F30 -> 6438156.4
A9: ='Syn prin concurents'!$B$2 -> 46082 | B9: ='Syn prin concurents'!E16 -> 2870929.1 | C9: ='Syn prin concurents'!$E$18 -> 1410372.7 | D9: ='Syn prin concurents'!$E$24 -> 878735.06 | E9: ='Syn prin concurents'!$E$20 -> 781065.78 | F9: ='Syn prin concurents'!E22 -> 655331.21 | G9: ='Syn prin concurents'!E26 -> 151024.44 | I9: ='Syn prin concurents'!$B$2 -> 46082 | J9: ='Syn prin concurents'!E30 -> 6958882.1
A12: Part de Marché
B14: SOFAC | C14: WAFASALAF | D14: VIVALIS | E14: RCI | F14: EQDOM | G14: SALAFIN | H14: AXA
A16: ='Syn prin concurents'!$F$13 -> 45722 | B16: ='Syn prin concurents'!F17 -> 0.36887057 | C16: ='Syn prin concurents'!F19 -> 0.21660246 | D16: ='Syn prin concurents'!F21 -> 0.16064882 | E16: ='Syn prin concurents'!F25 -> 0.12055283 | F16: ='Syn prin concurents'!F23 -> 0.084462715 | G16: ='Syn prin concurents'!F27 -> 0.022143227 | H16: ='Syn prin concurents'!F29 -> 0.00046931276
A17: ='Syn prin concurents'!$B$2 -> 46082 | B17: ='Syn prin concurents'!E17 -> 0.41255608 | C17: ='Syn prin concurents'!E19 -> 0.2026723 | D17: ='Syn prin concurents'!E21 -> 0.11224012 | E17: ='Syn prin concurents'!E25 -> 0.12627532 | F17: ='Syn prin concurents'!E23 -> 0.094171908 | G17: ='Syn prin concurents'!E27 -> 0.021702399 | H17: ='Syn prin concurents'!E29 -> 0.0001344032
A19: ='Syn prin concurents'!$B$2 -> 46082
F20: ='Syn prin concurents'!$F$13 -> 45722 | G20: ='Syn prin concurents'!$E$13 -> 46082
A21: WFSLF | B21: =+'Syn prin concurents'!E19 -> 0.2026723 | D21: SOFAC | F21: =+'Syn prin concurents'!F17 -> 0.36887057 | G21: =+'Syn prin concurents'!E17 -> 0.41255608
A22: VIVALIS | B22: =+'Syn prin concurents'!E17 -> 0.41255608 | D22: WFSLF | F22: =+'Syn prin concurents'!$F$19 -> 0.21660246 | G22: =+'Syn prin concurents'!$E$19 -> 0.2026723
A23: SOFAC | B23: =+'Syn prin concurents'!E21 -> 0.11224012 | D23: RCI | F23: =+'Syn prin concurents'!$F$25 -> 0.12055283 | G23: =+'Syn prin concurents'!$E$25 -> 0.12627532
A24: RCI | B24: =+'Syn prin concurents'!E25 -> 0.12627532 | D24: VIVALIS | F24: =+'Syn prin concurents'!$F$21 -> 0.16064882 | G24: =+'Syn prin concurents'!$E$21 -> 0.11224012
A25: EQDOM | B25: =+'Syn prin concurents'!E23 -> 0.094171908 | D25: EQDOM | F25: =+'Syn prin concurents'!F23 -> 0.084462715 | G25: =+'Syn prin concurents'!E23 -> 0.094171908
A26: SALAFIN | B26: =+'Syn prin concurents'!E27 -> 0.021702399 | D26: SALAFIN | F26: =+'Syn prin concurents'!F27 -> 0.022143227 | G26: =+'Syn prin concurents'!E27 -> 0.021702399
A27: Autres | B27: =+('Syn prin concurents'!E30-'Syn prin concurents'!E18-'Syn prin concurents'!E16-'Syn prin concurents'!E20-'Syn prin concurents'!E24-'Syn prin concurents'!E22-'Syn prin concurents'!E26)/'Syn prin concurents'!E30 -> 0.030381872 | D27: Autres | F27: =+('Syn prin concurents'!F30-'Syn prin concurents'!F18-'Syn prin concurents'!F16-'Syn prin concurents'!F20-'Syn prin concurents'!F24-'Syn prin concurents'!F22-'Syn prin concurents'!F26)/'Syn prin concurents'!F30 -> 0.026719393 | G27: =+('Syn prin concurents'!E30-'Syn prin concurents'!E18-'Syn prin concurents'!E16-'Syn prin concurents'!E20-'Syn prin concurents'!E24-'Syn prin concurents'!E22-'Syn prin concurents'!E26)/'Syn prin concurents'!E30 -> 0.030381872
A29: ='Syn prin concurents'!$F$13 -> 45722
A31: WFSLF | B31: =+'Syn prin concurents'!F19 -> 0.21660246
A32: VIVALIS | B32: =+'Syn prin concurents'!F17 -> 0.36887057
A33: SOFAC | B33: =+'Syn prin concurents'!F21 -> 0.16064882
A34: RCI | B34: =+'Syn prin concurents'!F25 -> 0.12055283
A35: EQDOM | B35: =+'Syn prin concurents'!F23 -> 0.084462715
A36: SALAFIN | B36: =+'Syn prin concurents'!F27 -> 0.022143227
A37: Autres | B37: =+('Syn prin concurents'!F30-'Syn prin concurents'!F18-'Syn prin concurents'!F16-'Syn prin concurents'!F20-'Syn prin concurents'!F24-'Syn prin concurents'!F22-'Syn prin concurents'!F26)/'Syn prin concurents'!F30 -> 0.026719393
A40: Production nette
A42: PP
B44: WFSLF | C44: SOFAC | D44: EQDOM | E44: VIVALIS | F44: SALAFIN | G44: RCI | J44: Marché
A46: ='Syn prin concurents'!$F$13 -> 45722 | B46: =+'Syn prin concurents'!$J18 -> 716594.4 | C46: =+'Syn prin concurents'!$J16 -> 365996.14 | D46: =+'Syn prin concurents'!$J22 -> 375445.19 | E46: =+'Syn prin concurents'!$J$20 -> 324761.03 | F46: =+'Syn prin concurents'!$J$26 -> 126212.98 | G46: =+'Syn prin concurents'!$J24 -> 0 | I46: ='Syn prin concurents'!$F$13 -> 45722 | J46: =+'Syn prin concurents'!$J30 -> 2071586
A47: ='Syn prin concurents'!$B$2 -> 46082 | B47: =+'Syn prin concurents'!$I18 -> 662385.77 | C47: =+'Syn prin concurents'!$I16 -> 427944.8 | D47: =+'Syn prin concurents'!$I22 -> 284808.22 | E47: =+'Syn prin concurents'!$I$20 -> 212657.49 | F47: =+'Syn prin concurents'!$I$26 -> 100851.57 | G47: =+'Syn prin concurents'!$I24 -> 0 | I47: ='Syn prin concurents'!$B$2 -> 46082 | J47: =+'Syn prin concurents'!$I30 -> 1790010.5
A50: ='Syn prin concurents'!$B$2 -> 46082
F51: ='Syn prin concurents'!$F$13 -> 45722 | G51: ='Syn prin concurents'!$E$13 -> 46082
A52: WFSLF | B52: =+'Syn prin concurents'!I19 -> 0.37004575 | D52: WFSLF | F52: =+'Syn prin concurents'!J19 -> 0.34591583 | G52: =+'Syn prin concurents'!I19 -> 0.37004575
A53: EQDOM | B53: =+'Syn prin concurents'!I17 -> 0.23907391 | D53: SOFAC | F53: =+'Syn prin concurents'!J17 -> 0.17667436 | G53: =+'Syn prin concurents'!I17 -> 0.23907391
A54: SOFAC | B54: =+'Syn prin concurents'!I21 -> 0.11880237 | D54: EQDOM | F54: =+'Syn prin concurents'!J23 -> 0.18123563 | G54: =+'Syn prin concurents'!I23 -> 0.1591098
A55: VIVALIS | B55: =+'Syn prin concurents'!I25 -> 0 | D55: VIVALIS | F55: =+'Syn prin concurents'!$J$21 -> 0.15676927 | G55: =+'Syn prin concurents'!$I$21 -> 0.11880237
A56: SALAFIN | B56: =+'Syn prin concurents'!I23 -> 0.1591098 | D56: SALAFIN | F56: =+'Syn prin concurents'!$J$27 -> 0.060925772 | G56: =+'Syn prin concurents'!$I$27 -> 0.056341329
A57: Autres | B57: =+('Syn prin concurents'!I30-'Syn prin concurents'!I18-'Syn prin concurents'!I16-'Syn prin concurents'!I20-'Syn prin concurents'!I24-'Syn prin concurents'!I22-'Syn prin concurents'!I26)/'Syn prin concurents'!I30 -> 0.056626841 | D57: Autres | F57: =+('Syn prin concurents'!J30-'Syn prin concurents'!J18-'Syn prin concurents'!J16-'Syn prin concurents'!J20-'Syn prin concurents'!J24-'Syn prin concurents'!J22-'Syn prin concurents'!J26)/'Syn prin concurents'!J30 -> 0.078479135 | G57: =+('Syn prin concurents'!I30-'Syn prin concurents'!I18-'Syn prin concurents'!I16-'Syn prin concurents'!I20-'Syn prin concurents'!I24-'Syn prin concurents'!I22-'Syn prin concurents'!I26)/'Syn prin concurents'!I30 -> 0.056626841
A59: ='Syn prin concurents'!$F$13 -> 45722
A61: WFSLF | B61: =+'Syn prin concurents'!J19 -> 0.34591583
A62: EQDOM | B62: =+'Syn prin concurents'!J17 -> 0.17667436
A63: SOFAC | B63: =+'Syn prin concurents'!J21 -> 0.15676927
A64: VIVALIS | B64: =+'Syn prin concurents'!J25 -> 0
A65: SALAFIN | B65: =+'Syn prin concurents'!J23 -> 0.18123563
A66: Autres | B66: =+('Syn prin concurents'!J30-'Syn prin concurents'!J18-'Syn prin concurents'!J16-'Syn prin concurents'!J20-'Syn prin concurents'!J24-'Syn prin concurents'!J22-'Syn prin concurents'!J26)/'Syn prin concurents'!J30 -> 0.078479135
A69: Production nette
A71: Globale | I71: Marché
B73: SOFAC | C73: WFSLF | D73: VIVALIS | E73: EQDOM | F73: RCI | G73: SALAFIN | J73: Marché
A75: ='Syn prin concurents'!$F$13 -> 45722 | B75: ='Syn prin concurents'!$V$16 -> 2743085.2 | C75: ='Syn prin concurents'!V18 -> 2279156.9 | D75: ='Syn prin concurents'!V20 -> 1359043.2 | E75: ='Syn prin concurents'!V22 -> 919995.59 | F75: ='Syn prin concurents'!$V$24 -> 776137.95 | G75: ='Syn prin concurents'!V26 -> 269397.75 | I75: ='Syn prin concurents'!$F$13 -> 45722 | J75: ='Syn prin concurents'!V30 -> 8681416.5
A76: ='Syn prin concurents'!$B$2 -> 46082 | B76: ='Syn prin concurents'!$U$16 -> 3300017 | C76: ='Syn prin concurents'!U18 -> 2336832.8 | D76: ='Syn prin concurents'!U20 -> 993723.27 | E76: ='Syn prin concurents'!U22 -> 940310.71 | F76: ='Syn prin concurents'!$U$24 -> 878735.06 | G76: ='Syn prin concurents'!U26 -> 253119.03 | I76: ='Syn prin concurents'!$B$2 -> 46082 | J76: ='Syn prin concurents'!U30 -> 9015524.4
A78: ='Syn prin concurents'!$B$2 -> 46082
F79: ='Syn prin concurents'!$F$13 -> 45722 | G79: ='Syn prin concurents'!$E$13 -> 46082
A80: WFSLF | B80: =+'Syn prin concurents'!U19 -> 0.25920099 | D80: SOFAC | F80: =+'Syn prin concurents'!$V$17 -> 0.31597208 | G80: =+'Syn prin concurents'!$U$17 -> 0.36603717
A81: EQDOM | B81: =+'Syn prin concurents'!U17 -> 0.36603717 | D81: WFSLF | F81: =+'Syn prin concurents'!V19 -> 0.26253283 | G81: =+'Syn prin concurents'!U19 -> 0.25920099
A82: VIVALIS | B82: =+'Syn prin concurents'!U25 -> 0.097469101 | D82: VIVALIS | F82: =+'Syn prin concurents'!V21 -> 0.15654625 | G82: =+'Syn prin concurents'!U21 -> 0.11022357
A83: SALAFIN | B83: =+'Syn prin concurents'!U23 -> 0.10429906 | D83: EQDOM | F83: =+'Syn prin concurents'!V23 -> 0.10597298 | G83: =+'Syn prin concurents'!U23 -> 0.10429906
A84: SOFAC | B84: =+'Syn prin concurents'!U21 -> 0.11022357 | D84: RCI | F84: =+'Syn prin concurents'!$V$25 -> 0.089402225 | G84: =+'Syn prin concurents'!$U$25 -> 0.097469101
A85: RCI | B85: =+'Syn prin concurents'!U27 -> 0.028075907 | D85: SALAFIN | F85: =+'Syn prin concurents'!V27 -> 0.031031543 | G85: =F85 -> 0.031031543
A86: Autres | B86: =+('Syn prin concurents'!U30-'Syn prin concurents'!U18-'Syn prin concurents'!U16-'Syn prin concurents'!U20-'Syn prin concurents'!U24-'Syn prin concurents'!U22-'Syn prin concurents'!U26)/'Syn prin concurents'!U30 -> 0.034694211 | D86: Autres | F86: =+('Syn prin concurents'!V30-'Syn prin concurents'!V18-'Syn prin concurents'!V16-'Syn prin concurents'!V20-'Syn prin concurents'!V24-'Syn prin concurents'!V22-'Syn prin concurents'!V26)/'Syn prin concurents'!V30 -> 0.038542087 | G86: =+('Syn prin concurents'!U30-'Syn prin concurents'!U18-'Syn prin concurents'!U16-'Syn prin concurents'!U20-'Syn prin concurents'!U24-'Syn prin concurents'!U22-'Syn prin concurents'!U26)/'Syn prin concurents'!U30 -> 0.034694211
A88: ='Syn prin concurents'!$F$13 -> 45722
A90: WFSLF | B90: =+'Syn prin concurents'!V19 -> 0.26253283
A91: EQDOM | B91: =+'Syn prin concurents'!V17 -> 0.31597208
A92: SOFAC | B92: =+'Syn prin concurents'!V21 -> 0.15654625
A93: VIVALIS | B93: =+'Syn prin concurents'!V25 -> 0.089402225
A94: SALAFIN | B94: =+'Syn prin concurents'!V23 -> 0.10597298
A95: RCI | B95: =+'Syn prin concurents'!V27 -> 0.031031543
A96: Autres | B96: =+('Syn prin concurents'!V30-'Syn prin concurents'!V18-'Syn prin concurents'!V16-'Syn prin concurents'!V20-'Syn prin concurents'!V24-'Syn prin concurents'!V22-'Syn prin concurents'!V26)/'Syn prin concurents'!V30 -> 0.038542087
A99: Encours Sain
A101: AUTO
B102: WFSLF | C102: SOFAC | D102: VIVALIS | E102: RCI | F102: EQDOM | G102: SALAFIN | J102: Marché
A104: ='Syn prin concurents'!$F$37 -> 45992 | B104: =+'Syn prin concurents'!F40 -> 14963780 | C104: =+'Syn prin concurents'!$F$42 -> 13709550 | D104: =+'Syn prin concurents'!$F$44 -> 11314645 | E104: =+'Syn prin concurents'!$F$48 -> 6050871.8 | F104: =+'Syn prin concurents'!$F$46 -> 4911209.1 | G104: =+'Syn prin concurents'!F50 -> 1323553.5 | I104: ='Syn prin concurents'!$F$37 -> 45992 | J104: ='Syn prin concurents'!F54 -> 53331313
A105: ='Syn prin concurents'!$B$2 -> 46082 | B105: =+'Syn prin concurents'!E40 -> 15684752 | C105: =+'Syn prin concurents'!$E$42 -> 15645979 | D105: =+'Syn prin concurents'!$E$44 -> 10896178 | E105: =+'Syn prin concurents'!$E$48 -> 6280424.6 | F105: =+'Syn prin concurents'!$E$46 -> 5309762.3 | G105: =+'Syn prin concurents'!E50 -> 1394923.7 | I105: ='Syn prin concurents'!$B$2 -> 46082 | J105: ='Syn prin concurents'!E54 -> 56400061
A107: ='Syn prin concurents'!$J$37 -> 45992
F108: ='Syn prin concurents'!$F$37 -> 45992 | G108: ='Syn prin concurents'!$B$2 -> 46082
A109: WFSLF | B109: =+'Syn prin concurents'!F41 -> 0.28058151 | D109: WFSLF | F109: =+'Syn prin concurents'!F41 -> 0.28058151 | G109: =+'Syn prin concurents'!E41 -> 0.27809813
A110: EQDOM | B110: =+'Syn prin concurents'!F43 -> 0.2570638 | D110: SOFAC | F110: =+'Syn prin concurents'!$F$43 -> 0.2570638 | G110: =+'Syn prin concurents'!$E$43 -> 0.27741067
A111: SOFAC | B111: =+'Syn prin concurents'!F45 -> 0.21215763 | D111: VIVALIS | F111: =+'Syn prin concurents'!$F$45 -> 0.21215763 | G111: ='Syn prin concurents'!E45 -> 0.19319444
A112: VIVALIS | B112: =+'Syn prin concurents'!F49 -> 0.11345815 | D112: RCI | F112: =+'Syn prin concurents'!$F$49 -> 0.11345815 | G112: =+'Syn prin concurents'!$E$49 -> 0.11135493
A113: SALAFIN | B113: =+'Syn prin concurents'!F47 -> 0.092088659 | D113: EQDOM | F113: =+'Syn prin concurents'!$F$47 -> 0.092088659 | G113: =+'Syn prin concurents'!$E$47 -> 0.09414462
A114: RCI | B114: =+'Syn prin concurents'!F51 -> 0.024817568 | D114: SALAFIN | F114: =+'Syn prin concurents'!F51 -> 0.024817568 | G114: =F114 -> 0.024817568
A115: Autres | B115: =+('Syn prin concurents'!F54-'Syn prin concurents'!F40-'Syn prin concurents'!F42-'Syn prin concurents'!F44-'Syn prin concurents'!F48-'Syn prin concurents'!F46-'Syn prin concurents'!F50)/'Syn prin concurents'!F54 -> 0.019832694 | D115: Autres | F115: =+('Syn prin concurents'!F54-'Syn prin concurents'!F40-'Syn prin concurents'!F42-'Syn prin concurents'!F44-'Syn prin concurents'!F48-'Syn prin concurents'!F46-'Syn prin concurents'!F50)/'Syn prin concurents'!F54 -> 0.019832694 | G115: =+('Syn prin concurents'!E54-'Syn prin concurents'!E40-'Syn prin concurents'!E42-'Syn prin concurents'!E44-'Syn prin concurents'!E48-'Syn prin concurents'!E46-'Syn prin concurents'!E50)/'Syn prin concurents'!E54 -> 0.021064555
A117: ='Syn prin concurents'!$I$37 -> 46082
A119: WFSLF | B119: =+'Syn prin concurents'!E41 -> 0.27809813
A120: EQDOM | B120: =+'Syn prin concurents'!E43 -> 0.27741067
A121: SOFAC | B121: =+'Syn prin concurents'!E45 -> 0.19319444
A122: VIVALIS | B122: =+'Syn prin concurents'!E49 -> 0.11135493
A123: SALAFIN | B123: =+'Syn prin concurents'!E47 -> 0.09414462
A124: RCI | B124: =+'Syn prin concurents'!E51 -> 0.024732663
A125: Autres | B125: =+('Syn prin concurents'!E54-'Syn prin concurents'!E40-'Syn prin concurents'!E42-'Syn prin concurents'!E44-'Syn prin concurents'!E48-'Syn prin concurents'!E46-'Syn prin concurents'!E50)/'Syn prin concurents'!E54 -> 0.021064555
A128: Encours Sain
A130: PP
B131: WFSLF | C131: VIVALIS | D131: EQDOM | E131: SOFAC | F131: SALAFIN | G131: RCI | J131: Marché
A133: ='Syn prin concurents'!$F$37 -> 45992 | B133: =+'Syn prin concurents'!J40 -> 8793162.5 | C133: =+'Syn prin concurents'!J44 -> 5668706.6 | D133: =+'Syn prin concurents'!J46 -> 4707307.4 | E133: =+'Syn prin concurents'!J42 -> 3748985.8 | F133: =+'Syn prin concurents'!J50 -> 891751.11 | G133: =+'Syn prin concurents'!J50 -> 891751.11 | I133: ='Syn prin concurents'!$F$37 -> 45992 | J133: ='Syn prin concurents'!J54 -> 26000050
A134: ='Syn prin concurents'!$B$2 -> 46082 | B134: =+'Syn prin concurents'!I40 -> 8793278.6 | C134: =+'Syn prin concurents'!I44 -> 5436494 | D134: =+'Syn prin concurents'!I46 -> 4681801.3 | E134: =+'Syn prin concurents'!I42 -> 3875022.7 | F134: =+'Syn prin concurents'!I50 -> 959308.06 | G134: =+'Syn prin concurents'!I50 -> 959308.06 | I134: ='Syn prin concurents'!$B$2 -> 46082 | J134: ='Syn prin concurents'!I54 -> 25934508
A136: ='Syn prin concurents'!$J$37 -> 45992
F137: ='Syn prin concurents'!$F$37 -> 45992 | G137: ='Syn prin concurents'!$B$2 -> 46082
A138: WFSLF | B138: =+'Syn prin concurents'!J41 -> 0.33819791 | D138: WFSLF | F138: =+'Syn prin concurents'!J41 -> 0.33819791 | G138: =+'Syn prin concurents'!I41 -> 0.33905709
A139: SOFAC | B139: =+'Syn prin concurents'!J43 -> 0.14419149 | D139: VIVALIS | F139: =+'Syn prin concurents'!J45 -> 0.21802676 | G139: ='Syn prin concurents'!I45 -> 0.20962395
A140: VIVALIS | B140: =+'Syn prin concurents'!J45 -> 0.21802676 | D140: EQDOM | F140: =+'Syn prin concurents'!J47 -> 0.18104994 | G140: =+'Syn prin concurents'!I47 -> 0.18052401
...

Sheet Feuil2
B2: WFSLF 2016 | C2: WFSLF 2017 | E2: EQDOM 2016 | F2: EQDOM 2017 | H2: SOFAC 2016 | I2: SOFAC 2017 | K2: VIVALIS 2016 | L2: VIVALIS 2017 | N2: SALAFIN 2016 | O2: SALAFIN 2017 | Q2: RCI 2016 | R2: RCI 2017 | T2: Marché 2016 | U2: Marché 2017
A4: CA | B4: ='Syn prin concurents par cat (2)'!D16 -> 467803.11 | C4: ='Syn prin concurents par cat (2)'!C16 -> 459172.33 | E4: ='Syn prin concurents par cat (2)'!D18 -> 1209540.1 | F4: ='Syn prin concurents par cat (2)'!C18 -> 1477587.7 | H4: ='Syn prin concurents par cat (2)'!D20 -> 544967.06 | I4: ='Syn prin concurents par cat (2)'!C20 -> 346945.91 | K4: ='Syn prin concurents par cat (2)'!D24 -> 524957.67 | L4: ='Syn prin concurents par cat (2)'!C24 -> 669033.28 | N4: ='Syn prin concurents par cat (2)'!D22 -> 168230.65 | O4: ='Syn prin concurents par cat (2)'!C22 -> 234377.66 | Q4: ='Syn prin concurents par cat (2)'!D26 -> 57604.136 | R4: ='Syn prin concurents par cat (2)'!C26 -> 52268.239 | T4: ='Syn prin concurents par cat (2)'!D30 -> 3143356.6 | U4: ='Syn prin concurents par cat (2)'!C30 -> 3450116.2
A5: LOA | B5: ='Syn prin concurents par cat (2)'!H16 -> 926717.4 | C5: ='Syn prin concurents par cat (2)'!G16 -> 951200.32 | E5: ='Syn prin concurents par cat (2)'!H18 -> 1165306.4 | F5: ='Syn prin concurents par cat (2)'!G18 -> 1393341.4 | H5: ='Syn prin concurents par cat (2)'!H20 -> 489315.15 | I5: ='Syn prin concurents par cat (2)'!G20 -> 434119.87 | K5: ='Syn prin concurents par cat (2)'!H24 -> 251180.28 | L5: ='Syn prin concurents par cat (2)'!G24 -> 209701.78 | N5: ='Syn prin concurents par cat (2)'!H22 -> 375553.52 | O5: ='Syn prin concurents par cat (2)'!G22 -> 420953.54 | Q5: ='Syn prin concurents par cat (2)'!H26 -> 84957.422 | R5: ='Syn prin concurents par cat (2)'!G26 -> 98756.197 | T5: ='Syn prin concurents par cat (2)'!H30 -> 3294311.7 | U5: ='Syn prin concurents par cat (2)'!G30 -> 3508766
A12: Encours Sains marché
B15: 43465 | C15: Banques | D15: SCC | E15: 43555
B17: ='Syn prin concurents'!V54+54077000 -> 1.341146e+08 | C17: 727000 | D17: ='Syn prin concurents'!U54-'Syn prin concurents'!V54 -> 3133845 | E17: e
A21: Production marché
B24: 43190 | C24: PP | D24: AUTO | E24: EDM / Revolvig | F24: 43555
B26: ='Syn prin concurents'!V30 -> 8681416.5 | C26: ='Syn prin concurents'!I30-'Syn prin concurents'!J30 -> -281575.51 | D26: ='Syn prin concurents'!E30-'Syn prin concurents'!F30 -> 520725.68 | E26: ='Syn prin concurents'!M30-'Syn prin concurents'!N30+('Syn prin concurents'!Q30-'Syn prin concurents'!R30) -> 94957.706 | F26: e

Sheet Feuil3
A1: Global | M1: Encours sain
B4: WFSLF | C4: SOFAC | D4: VIVALIS | E4: EQDOM | F4: RCI | G4: SALAFIN | J4: Marché | N4: Fin 03 2022 | O4: Fin 06 2022 | P4: Fin 09 2022 | Q4: Fin 12 2022 | S4: Fin Mars 2022 | T4: Fin Juin 2022 | U4: Fin Septembre 2022 | X4: Fin Mars 2022 | Y4: Fin Juin 2022 | Z4: Fin Septembre 2022
A6: ='Syn prin concurents par trim'!E13 -> T1 | B6: ='Syn prin concurents par trim'!$Y$16 -> 1634995.4 | C6: ='Syn prin concurents par trim'!$Y$18 -> 1704033.9 | D6: ='Syn prin concurents par trim'!$Y$20 -> 1046761.6 | E6: ='Syn prin concurents par trim'!$Y$22 -> 705744.72 | F6: ='Syn prin concurents par trim'!$Y$24 -> 593032.69 | G6: ='Syn prin concurents par trim'!$Y$26 -> 246169.62 | I6: =A6 -> T1 | J6: ='Syn prin concurents par trim'!$Y$30 -> 6241732.4 | M6: WFSLF | N6: =#REF! -> #REF! | O6: ='Syn prin concurents'!$U$42 -> 19525425 | P6: ='Syn prin concurents'!U40 -> 25157206 | W6: Marché | X6: ='[1]Syn prin concurents'!$U$54 -> 62726433 | Y6: ='Syn prin concurents'!$U$54 -> 83171449 | Z6: ='Syn prin concurents'!U54 -> 83171449
A7: ='Syn prin concurents par trim'!F13 -> T2 | B7: ='Syn prin concurents par trim'!$Z$16 -> 1945128.2 | C7: ='Syn prin concurents par trim'!$Z$18 -> 1571495.5 | D7: ='Syn prin concurents par trim'!$Z$20 -> 1582837.7 | E7: ='Syn prin concurents par trim'!$Z$22 -> 747398.62 | F7: ='Syn prin concurents par trim'!$Z$24 -> 675311.69 | G7: ='Syn prin concurents par trim'!$Z$26 -> 268512.79 | I7: =A7 -> T2 | J7: ='Syn prin concurents par trim'!$Z$30 -> 7057059 | M7: RCI | N7: ='[1]Syn prin concurents'!$U$46 -> 8199878.4 | O7: ='Syn prin concurents'!$U$46 -> 9993113.1 | P7: ='Syn prin concurents'!U48 -> 6280424.6
A8: T3 | B8: ='Syn prin concurents par trim'!$AA$16 -> 1880202 | C8: ='Syn prin concurents par trim'!$AA$18 -> 1502086.2 | D8: ='Syn prin concurents par trim'!$AA$20 -> 1182918.6 | E8: ='Syn prin concurents par trim'!$AA$22 -> 708407.58 | F8: ='Syn prin concurents par trim'!$AA$24 -> 566978.85 | G8: ='Syn prin concurents par trim'!$AA$26 -> 221282.97 | I8: T3 | J8: ='Syn prin concurents par trim'!$AA$30 -> 6331990.9 | M8: EQDOM | N8: ='[1]Syn prin concurents'!$U$48 -> 4441192.5 | O8: ='Syn prin concurents'!$U$48 -> 6280424.6 | P8: ='Syn prin concurents'!U46 -> 9993113.1 | S8: Fin Mars 2022 | T8: Fin Juin 2022 | U8: Fin Septembre 2022
A9: T4 | B9: ='Syn prin concurents par trim'!$AB$16 -> -3123492.8 | C9: ='Syn prin concurents par trim'!$AB$18 -> -1477598.6 | D9: ='Syn prin concurents par trim'!$AB$20 -> -2818794.6 | E9: ='Syn prin concurents par trim'!$AB$22 -> -1221240.2 | F9: ='Syn prin concurents par trim'!$AB$24 -> -956588.16 | G9: ='Syn prin concurents par trim'!$AB$26 -> -482846.36 | I9: T4 | J9: ='Syn prin concurents par trim'!$AB$30 -> -10615258 | M9: SALAFIN | N9: ='[1]Syn prin concurents'!$U$50 -> 2667926 | O9: ='Syn prin concurents'!$U$50 -> 2505963.4 | P9: ='Syn prin concurents'!U50 -> 2505963.4
M10: SOFAC | N10: ='[1]Syn prin concurents'!$U$42 -> 13503209 | O10: ='Syn prin concurents'!$U$40 -> 25157206 | P10: ='Syn prin concurents'!U42 -> 19525425
M11: VIVALIS | N11: ='[1]Syn prin concurents'!$U$44 -> 13568646 | O11: ='Syn prin concurents'!$U$44 -> 16332672 | P11: ='Syn prin concurents'!U44 -> 16332672
C12: T1 | D12: T2 | E12: T3 | F12: T4 | S12: Fin Mars 2022 | T12: Fin Juin 2022 | U12: Fin Septembre 2022
A13: WFSLF | C13: ='Syn prin concurents par trim'!$Y$17 -> 0.26194577 | D13: ='Syn prin concurents par trim'!$Z$17 -> 0.27562873 | E13: ='Syn prin concurents par trim'!$AA$17 -> 0.29693694 | F13: ='Syn prin concurents par trim'!$AB$17 -> 0.29424559 | N13: Fin 03 2022 | O13: Fin 06 2022 | P13: Fin 09 2022
A14: SOFAC | C14: ='Syn prin concurents par trim'!$Y$19 -> 0.27300657 | D14: ='Syn prin concurents par trim'!$Z$19 -> 0.22268419 | E14: ='Syn prin concurents par trim'!$AA$19 -> 0.23722179 | F14: ='Syn prin concurents par trim'!$AB$19 -> 0.13919574
A15: VIVALIS | C15: ='Syn prin concurents par trim'!$Y$21 -> 0.1677037 | D15: ='Syn prin concurents par trim'!$Z$21 -> 0.2242914 | E15: ='Syn prin concurents par trim'!$AA$21 -> 0.18681622 | F15: ='Syn prin concurents par trim'!$AB$21 -> 0.26554179 | M15: Marché | N15: 53521667 | O15: 55862869 | P15: 55874222
A16: EQDOM | C16: ='Syn prin concurents par trim'!$Y$23 -> 0.11306872 | D16: ='Syn prin concurents par trim'!$Z$23 -> 0.10590795 | E16: ='Syn prin concurents par trim'!$AA$23 -> 0.11187754 | F16: ='Syn prin concurents par trim'!$AB$23 -> 0.11504574
A17: RCI | C17: ='Syn prin concurents par trim'!$Y$25 -> 0.095010911 | D17: ='Syn prin concurents par trim'!$Z$25 -> 0.095693077 | E17: ='Syn prin concurents par trim'!$AA$25 -> 0.089541955 | F17: ='Syn prin concurents par trim'!$AB$25 -> 0.090114453 | M17: CES/EB
A18: SALAFIN | C18: ='Syn prin concurents par trim'!$Y$27 -> 0.03943931 | D18: ='Syn prin concurents par trim'!$Z$27 -> 0.038048823 | E18: ='Syn prin concurents par trim'!$AA$27 -> 0.034946824 | F18: ='Syn prin concurents par trim'!$AB$27 -> 0.045486069
A19: Autres | C19: =('Syn prin concurents par trim'!$Y$30-'Syn prin concurents par trim'!$Y$18-'Syn prin concurents par trim'!$Y$16-'Syn prin concurents par trim'!$Y$24-'Syn prin concurents par trim'!$Y$20-'Syn prin concurents par trim'!$Y$22-'Syn prin concurents par trim'!$Y$26-'Syn prin concurents par trim'!$Y$28)/'Syn prin concurents par trim'!$Y$30 -> 0.026563788 | D19: =('Syn prin concurents par trim'!$Z$30-'Syn prin concurents par trim'!$Z$18-'Syn prin concurents par trim'!$Z$16-'Syn prin concurents par trim'!$Z$24-'Syn prin concurents par trim'!$Z$20-'Syn prin concurents par trim'!$Z$22-'Syn prin concurents par trim'!$Z$26-'Syn prin concurents par trim'!$Z$28)/'Syn prin concurents par trim'!$Z$30 -> 0.019183248 | E19: =('Syn prin concurents par trim'!$AA$30-'Syn prin concurents par trim'!$AA$18-'Syn prin concurents par trim'!$AA$16-'Syn prin concurents par trim'!$AA$24-'Syn prin concurents par trim'!$AA$20-'Syn prin concurents par trim'!$AA$22-'Syn prin concurents par trim'!$AA$26-'Syn prin concurents par trim'!$AA$28)/'Syn prin concurents par trim'!$AA$30 -> 0.019540254 | F19: =('Syn prin concurents par trim'!$AB$30-'Syn prin concurents par trim'!$AB$18-'Syn prin concurents par trim'!$AB$16-'Syn prin concurents par trim'!$AB$24-'Syn prin concurents par trim'!$AB$20-'Syn prin concurents par trim'!$AB$22-'Syn prin concurents par trim'!$AB$26-'Syn prin concurents par trim'!$AB$28)/'Syn prin concurents par trim'!$AB$30 -> 0.019440632
N20: Fin 03 2022 | O20: Fin 06 2022 | P20: Fin 09 2022
A22: AUTO | M22: WFSLF | N22: =+'[1]Syn prin concurents'!$U$110 -> 0.22893224 | O22: =+'Syn prin concurents'!$U$115 -> 0.11040646 | P22: =+'Syn prin concurents'!#REF! -> #REF!
M23: SOFAC | N23: =+'[1]Syn prin concurents'!$U$111 -> 0.18823776 | O23: =+'Syn prin concurents'!#REF! -> #REF! | P23: =+'Syn prin concurents'!U115 -> 0.11040646
B24: SOFAC | C24: VIVALIS | D24: WFSLF | E24: RCI | F24: EQDOM | G24: SALAFIN | J24: Marché | M24: VIVALIS | N24: =+'[1]Syn prin concurents'!$U$112 -> 0.18765181 | O24: =+'Syn prin concurents'!$U$116 -> 0.16140025 | P24: =+'Syn prin concurents'!U116 -> 0.16140025
M25: EQDOM | N25: =+'[1]Syn prin concurents'!$U$114 -> 0.12345176 | O25: =+'Syn prin concurents'!$U$113 -> 0.12052688 | P25: =+'Syn prin concurents'!U111 -> 0.15198609
A26: T1 | B26: ='Syn prin concurents par trim'!$E$18 -> 1394379.6 | C26: ='Syn prin concurents par trim'!$E$20 -> 768372.06 | D26: ='Syn prin concurents par trim'!$E$16 -> 826975.06 | E26: ='Syn prin concurents par trim'!$E$24 -> 593032.69 | F26: ='Syn prin concurents par trim'!$E$22 -> 368706.86 | G26: ='Syn prin concurents par trim'!$E$26 -> 121150.02 | I26: T1 | J26: ='Syn prin concurents par trim'!$E$30 -> 4217809.5 | M26: RCI | N26: =+'[1]Syn prin concurents'!$U$113 -> 0.13799758 | O26: =+'Syn prin concurents'!$U$111 -> 0.15198609 | P26: =+'Syn prin concurents'!U113 -> 0.12052688
A27: T2 | B27: ='Syn prin concurents par trim'!$F$18 -> 1288206.4 | C27: ='Syn prin concurents par trim'!$F$20 -> 1264426.2 | D27: ='Syn prin concurents par trim'!$F$16 -> 1014273.7 | E27: ='Syn prin concurents par trim'!$F$24 -> 675311.69 | F27: ='Syn prin concurents par trim'!$F$22 -> 374165.16 | G27: ='Syn prin concurents par trim'!$F$26 -> 144083.33 | I27: T2 | J27: ='Syn prin concurents par trim'!$F$30 -> 4897586.8 | M27: SALAFIN | N27: =+'[1]Syn prin concurents'!$U$115 -> 0.10482851 | O27: =+'Syn prin concurents'!$U$110 -> 0.2769831 | P27: =+'Syn prin concurents'!U110 -> 0.2769831
A28: T3 | B28: ='Syn prin concurents par trim'!$G$18 -> 1208298.1 | C28: ='Syn prin concurents par trim'!$G$20 -> 843832.47 | D28: ='Syn prin concurents par trim'!$G$16 -> 997576.37 | E28: ='Syn prin concurents par trim'!$G$24 -> 566978.85 | F28: ='Syn prin concurents par trim'!$G$22 -> 319322.78 | G28: ='Syn prin concurents par trim'!$G$26 -> 111793.54 | I28: T3 | J28: ='Syn prin concurents par trim'!$G$30 -> 4170695.1 | M28: Marché | N28: =+'[1]Syn prin concurents'!$U$117 -> 0.13351451 | O28: =+'Syn prin concurents'!$U$117 -> 0.13185744 | P28: =+'Syn prin concurents'!U117 -> 0.13185744
A29: T4 | B29: ='Syn prin concurents par trim'!$H$18 -> -1019955 | C29: ='Syn prin concurents par trim'!$H$20 -> -2095564.9 | D29: ='Syn prin concurents par trim'!$H$16 -> -1428452.5 | E29: ='Syn prin concurents par trim'!$H$24 -> -956588.16 | F29: ='Syn prin concurents par trim'!$H$22 -> -406863.59 | G29: ='Syn prin concurents par trim'!$H$26 -> -226002.45 | I29: T4 | J29: ='Syn prin concurents par trim'!$H$30 -> -6327209.3
C32: T1 | D32: T2 | E32: T3 | F32: T4
A33: SOFAC | C33: ='Syn prin concurents par trim'!$E$19 -> 0.33059331 | D33: ='Syn prin concurents par trim'!$F$19 -> 0.2630288 | E33: ='Syn prin concurents par trim'!$G$19 -> 0.28971144 | F33: ='Syn prin concurents par trim'!$H$19 -> 0.16120139
A34: VIVALIS | C34: ='Syn prin concurents par trim'!$E$21 -> 0.18217325 | D34: ='Syn prin concurents par trim'!$F$21 -> 0.2581733 | E34: ='Syn prin concurents par trim'!$G$21 -> 0.20232418 | F34: ='Syn prin concurents par trim'!$H$21 -> 0.33119892
A35: WFSLF | C35: ='Syn prin concurents par trim'!$E$17 -> 0.19606743 | D35: ='Syn prin concurents par trim'!$F$17 -> 0.20709663 | E35: ='Syn prin concurents par trim'!$G$17 -> 0.23918708 | F35: ='Syn prin concurents par trim'!$H$17 -> 0.22576343
A36: RCI | C36: ='Syn prin concurents par trim'!$E$25 -> 0.14060205 | D36: ='Syn prin concurents par trim'!$F$25 -> 0.13788662 | E36: ='Syn prin concurents par trim'!$G$25 -> 0.13594349 | F36: ='Syn prin concurents par trim'!$H$25 -> 0.15118643
A37: EQDOM | C37: ='Syn prin concurents par trim'!$E$23 -> 0.087416668 | D37: ='Syn prin concurents par trim'!$F$23 -> 0.076397861 | E37: ='Syn prin concurents par trim'!$G$23 -> 0.076563443 | F37: ='Syn prin concurents par trim'!$H$23 -> 0.064303797
A38: SALAFIN | C38: ='Syn prin concurents par trim'!$E$27 -> 0.028723446 | D38: ='Syn prin concurents par trim'!$F$27 -> 0.029419249 | E38: ='Syn prin concurents par trim'!$G$27 -> 0.026804534 | F38: ='Syn prin concurents par trim'!$H$27 -> 0.035719137
A39: Autres | C39: =('Syn prin concurents par trim'!$E$30-'Syn prin concurents par trim'!$E$18-'Syn prin concurents par trim'!$E$16-'Syn prin concurents par trim'!$E$24-'Syn prin concurents par trim'!E20-'Syn prin concurents par trim'!$E$22-'Syn prin concurents par trim'!$E$26-'Syn prin concurents par trim'!$E$28)/'Syn prin concurents par trim'!$E$30 -> 0.033672825 | D39: =('Syn prin concurents par trim'!$F$30-'Syn prin concurents par trim'!$F$18-'Syn prin concurents par trim'!$F$16-'Syn prin concurents par trim'!$F$24-'Syn prin concurents par trim'!F20-'Syn prin concurents par trim'!$F$22-'Syn prin concurents par trim'!$F$26-'Syn prin concurents par trim'!$F$28)/'Syn prin concurents par trim'!$F$30 -> 0.027320859 | E39: =('Syn prin concurents par trim'!$G$30-'Syn prin concurents par trim'!$G$18-'Syn prin concurents par trim'!$G$16-'Syn prin concurents par trim'!$G$24-'Syn prin concurents par trim'!G20-'Syn prin concurents par trim'!$G$22-'Syn prin concurents par trim'!$G$26-'Syn prin concurents par trim'!$G$28)/'Syn prin concurents par trim'!$G$30 -> 0.029246496 | F39: =('Syn prin concurents par trim'!$H$30-'Syn prin concurents par trim'!$H$18-'Syn prin concurents par trim'!$H$16-'Syn prin concurents par trim'!$H$24-'Syn prin concurents par trim'!H20-'Syn prin concurents par trim'!$H$22-'Syn prin concurents par trim'!$H$26-'Syn prin concurents par trim'!$H$28)/'Syn prin concurents par trim'!$H$30 -> 0.029605704
A42: PP
B44: WFSLF | C44: EQDOM | D44: SOFAC | E44: VIVALIS | F44: SALAFIN | J44: Marché
A46: T1 | B46: ='Syn prin concurents par trim'!$J$16 -> 638934.88 | C46: ='Syn prin concurents par trim'!$J$22 -> 336925.96 | D46: ='Syn prin concurents par trim'!$J$18 -> 307507.01 | E46: ='Syn prin concurents par trim'!$J$20 -> 278389.54 | F46: ='Syn prin concurents par trim'!$J$26 -> 119043.47 | I46: T1 | J46: ='Syn prin concurents par trim'!$J$30 -> 1846602.1
A47: T2 | B47: ='Syn prin concurents par trim'!$K$16 -> 775244.45 | C47: ='Syn prin concurents par trim'!$K$22 -> 373055.24 | D47: ='Syn prin concurents par trim'!$K$18 -> 282195.05 | E47: ='Syn prin concurents par trim'!$K$20 -> 318411.51 | F47: ='Syn prin concurents par trim'!$K$26 -> 129162.57 | I47: T2 | J47: ='Syn prin concurents par trim'!$K$30 -> 2006518
A48: T3 | B48: ='Syn prin concurents par trim'!$L$16 -> 740352.67 | C48: ='Syn prin concurents par trim'!$L$22 -> 388462.17 | D48: ='Syn prin concurents par trim'!$L$18 -> 293267.67 | E48: ='Syn prin concurents par trim'!$L$20 -> 339086.12 | F48: ='Syn prin concurents par trim'!$L$26 -> 111958.99 | I48: T3 | J48: ='Syn prin concurents par trim'!$L$30 -> 2020349.3
A49: T4 | B49: ='Syn prin concurents par trim'!$M$16 -> -1492146.2 | C49: ='Syn prin concurents par trim'!$M$22 -> -813635.15 | D49: ='Syn prin concurents par trim'!$M$18 -> -455024.92 | E49: ='Syn prin concurents par trim'!$M$20 -> -723229.68 | F49: ='Syn prin concurents par trim'!$M$26 -> -259313.46 | I49: T4 | J49: ='Syn prin concurents par trim'!$M$30 -> -4083458.9
C52: T1 | D52: T2 | E52: T3 | F52: T4
A53: WFSLF | C53: ='Syn prin concurents par trim'!$J$17 -> 0.34600572 | D53: ='Syn prin concurents par trim'!$K$17 -> 0.38636307 | E53: ='Syn prin concurents par trim'!$L$17 -> 0.36644786 | F53: ='Syn prin concurents par trim'!$M$17 -> 0.36541233
A54: EQDOM | C54: ='Syn prin concurents par trim'!$J$23 -> 0.18245726 | D54: ='Syn prin concurents par trim'!$K$23 -> 0.1859217 | E54: ='Syn prin concurents par trim'!$L$23 -> 0.19227476 | F54: ='Syn prin concurents par trim'!$M$23 -> 0.19925146
A55: SOFAC | C55: ='Syn prin concurents par trim'!$J$19 -> 0.16652586 | D55: ='Syn prin concurents par trim'!$K$19 -> 0.14063918 | E55: ='Syn prin concurents par trim'!$L$19 -> 0.14515691 | F55: ='Syn prin concurents par trim'!$M$19 -> 0.11143125
A56: VIVALIS | C56: ='Syn prin concurents par trim'!$J$21 -> 0.15075773 | D56: ='Syn prin concurents par trim'!$K$21 -> 0.15868859 | E56: ='Syn prin concurents par trim'!$L$21 -> 0.16783539 | F56: ='Syn prin concurents par trim'!$M$21 -> 0.17711203
A57: SALAFIN | C57: ='Syn prin concurents par trim'!$J$27 -> 0.064466228 | D57: ='Syn prin concurents par trim'!$K$27 -> 0.064371498 | E57: ='Syn prin concurents par trim'!$L$27 -> 0.055415661 | F57: ='Syn prin concurents par trim'!$M$27 -> 0.063503385
A58: Autres | C58: =('Syn prin concurents par trim'!$J$30-'Syn prin concurents par trim'!$J$18-'Syn prin concurents par trim'!$J$16-'Syn prin concurents par trim'!$J$24-'Syn prin concurents par trim'!$J$20-'Syn prin concurents par trim'!$J$22-'Syn prin concurents par trim'!$J$26-'Syn prin concurents par trim'!$J$28)/'Syn prin concurents par trim'!$J$30 -> 0.012876892 | D58: =('Syn prin concurents par trim'!$K$30-'Syn prin concurents par trim'!$K$18-'Syn prin concurents par trim'!$K$16-'Syn prin concurents par trim'!$K$24-'Syn prin concurents par trim'!$K$20-'Syn prin concurents par trim'!$K$22-'Syn prin concurents par trim'!$K$26-'Syn prin concurents par trim'!$K$28)/'Syn prin concurents par trim'!$K$30 -> 0.00038179374 | E58: =('Syn prin concurents par trim'!$L$30-'Syn prin concurents par trim'!$L$18-'Syn prin concurents par trim'!$L$16-'Syn prin concurents par trim'!$L$24-'Syn prin concurents par trim'!$L$20-'Syn prin concurents par trim'!$L$22-'Syn prin concurents par trim'!$L$26-'Syn prin concurents par trim'!$L$28)/'Syn prin concurents par trim'!$L$30 -> 0.00086643186 | F58: =('Syn prin concurents par trim'!$M$30-'Syn prin concurents par trim'!$M$18-'Syn prin concurents par trim'!$M$16-'Syn prin concurents par trim'!$M$24-'Syn prin concurents par trim'!$M$20-'Syn prin concurents par trim'!$M$22-'Syn prin concurents par trim'!$M$26-'Syn prin concurents par trim'!$M$28)/'Syn prin concurents par trim'!$M$30 -> 0.0044670159

Sheet Feuil4
A1: Global
B4: WFSLF | C4: SOFAC | D4: EQDOM | E4: VIVALIS | F4: RCI | G4: SALAFIN | J4: Marché
A6: 2019 | B6: ='Syn prin concurents par sem'!$Q$16 -> 3017981.9 | C6: ='Syn prin concurents par sem'!$Q$18 -> 2450472.2 | D6: ='Syn prin concurents par sem'!$Q$20 -> 1130208 | E6: ='Syn prin concurents par sem'!$Q$22 -> 2273893.3 | F6: ='Syn prin concurents par sem'!$Q$24 -> 879518.89 | G6: ='Syn prin concurents par sem'!$Q$26 -> 474031.78 | I6: 2019 | J6: ='Syn prin concurents par sem'!$Q$30 -> 10793575
A7: 2020 | B7: ='Syn prin concurents par sem'!$R$16 -> #REF! | C7: ='Syn prin concurents par sem'!$R$18 -> #REF! | D7: ='Syn prin concurents par sem'!$R$20 -> #REF! | E7: ='Syn prin concurents par sem'!$R$22 -> #REF! | F7: ='Syn prin concurents par sem'!$R$24 -> #REF! | G7: ='Syn prin concurents par sem'!$R$26 -> #REF! | I7: 2020 | J7: ='Syn prin concurents par sem'!$R$30 -> #REF!
C10: 2019 | D10: 2020
A11: WFSLF | C11: ='Syn prin concurents par sem'!$Q$17 -> 0.27960911 | D11: ='Syn prin concurents par sem'!$R$17 -> #REF!
A12: SOFAC | C12: ='Syn prin concurents par sem'!$Q$19 -> 0.22703064 | D12: ='Syn prin concurents par sem'!$R$19 -> #REF!
A13: EQDOM | C13: ='Syn prin concurents par sem'!$Q$21 -> 0.10471119 | D13: ='Syn prin concurents par sem'!$R$21 -> #REF!
A14: VIVALIS | C14: ='Syn prin concurents par sem'!$Q$23 -> 0.210671 | D14: ='Syn prin concurents par sem'!$R$23 -> #REF!
A15: RCI | C15: ='Syn prin concurents par sem'!$Q$25 -> 0.081485412 | D15: ='Syn prin concurents par sem'!$R$25 -> #REF!
A16: SALAFIN | C16: ='Syn prin concurents par sem'!$Q$27 -> 0.043917959 | D16: ='Syn prin concurents par sem'!$R$27 -> #REF!
A17: Autres | C17: =('Syn prin concurents par sem'!$Q$30-'Syn prin concurents par sem'!$Q$16-'Syn prin concurents par sem'!$Q$18-'Syn prin concurents par sem'!$Q$20-'Syn prin concurents par sem'!$Q$22-'Syn prin concurents par sem'!$Q$24-'Syn prin concurents par sem'!$Q$26-'Syn prin concurents par sem'!$Q$28)/'Syn prin concurents par sem'!$Q$30 -> 0.02572091 | D17: =('Syn prin concurents par sem'!$R$30-'Syn prin concurents par sem'!$R$16-'Syn prin concurents par sem'!$R$18-'Syn prin concurents par sem'!$R$20-'Syn prin concurents par sem'!$R$22-'Syn prin concurents par sem'!$R$24-'Syn prin concurents par sem'!$R$26-'Syn prin concurents par sem'!$R$28)/'Syn prin concurents par sem'!$R$30 -> #REF!
A20: AUTO
B22: WFSLF | C22: SOFAC | D22: EQDOM | E22: VIVALIS | F22: RCI | G22: SALAFIN | J22: Marché
A24: 2019 | B24: ='Syn prin concurents par sem'!$E$16 -> 1418652.2 | C24: ='Syn prin concurents par sem'!$E$18 -> 1971219.5 | D24: ='Syn prin concurents par sem'!$E$20 -> 512605.36 | E24: ='Syn prin concurents par sem'!$E$22 -> 1679049.8 | F24: ='Syn prin concurents par sem'!$E$24 -> 879518.89 | G24: ='Syn prin concurents par sem'!$E$26 -> 227558.18 | I24: 2019 | J24: ='Syn prin concurents par sem'!$E$30 -> 6938253.8
A25: 2020 | B25: ='Syn prin concurents par sem'!$F$16 -> #REF! | C25: ='Syn prin concurents par sem'!$F$18 -> #REF! | D25: ='Syn prin concurents par sem'!$F$20 -> #REF! | E25: ='Syn prin concurents par sem'!$F$22 -> #REF! | F25: ='Syn prin concurents par sem'!$F$24 -> #REF! | G25: ='Syn prin concurents par sem'!$F$26 -> #REF! | I25: 2020 | J25: ='Syn prin concurents par sem'!$F$30 -> #REF!
C28: 2019 | D28: 2020
A29: WFSLF | C29: ='Syn prin concurents par sem'!$E$17 -> 0.20446819 | D29: ='Syn prin concurents par sem'!$F$17 -> #REF!
A30: SOFAC | C30: ='Syn prin concurents par sem'!$E$19 -> 0.28410888 | D30: ='Syn prin concurents par sem'!$F$19 -> #REF!
A31: EQDOM | C31: ='Syn prin concurents par sem'!$E$21 -> 0.073881034 | D31: ='Syn prin concurents par sem'!$F$21 -> #REF!
A32: VIVALIS | C32: ='Syn prin concurents par sem'!$E$23 -> 0.2419989 | D32: ='Syn prin concurents par sem'!$F$23 -> #REF!
A33: RCI | C33: ='Syn prin concurents par sem'!$E$25 -> 0.12676373 | D33: ='Syn prin concurents par sem'!$F$25 -> #REF!
A34: SALAFIN | C34: ='Syn prin concurents par sem'!$E$27 -> 0.032797615 | D34: ='Syn prin concurents par sem'!$F$27 -> #REF!
A35: Autres | C35: =('Syn prin concurents par sem'!$E$30-'Syn prin concurents par sem'!$E$16-'Syn prin concurents par sem'!$E$18-'Syn prin concurents par sem'!$E$20-'Syn prin concurents par sem'!$E$22-'Syn prin concurents par sem'!$E$24-'Syn prin concurents par sem'!$E$26-'Syn prin concurents par sem'!$E$28)/'Syn prin concurents par sem'!$E$30 -> 0.035618519 | D35: =('Syn prin concurents par sem'!$F$30-'Syn prin concurents par sem'!$F$16-'Syn prin concurents par sem'!$F$18-'Syn prin concurents par sem'!$F$20-'Syn prin concurents par sem'!$F$22-'Syn prin concurents par sem'!$F$24-'Syn prin concurents par sem'!$F$26-'Syn prin concurents par sem'!$F$28)/'Syn prin concurents par sem'!$F$30 -> #REF!
A38: PP
B40: WFSLF | C40: EQDOM | D40: VIVALIS | E40: SOFAC | F40: SALAFIN | J40: Marché
A42: 2019 | B42: ='Syn prin concurents par sem'!$H$16 -> 1325401.4 | C42: ='Syn prin concurents par sem'!$H$20 -> 617498.16 | D42: ='Syn prin concurents par sem'!$H$22 -> 594843.48 | E42: ='Syn prin concurents par sem'!$H$18 -> 477896.66 | F42: ='Syn prin concurents par sem'!$H$26 -> 243390.06 | I42: 2019 | J42: ='Syn prin concurents par sem'!$H$30 -> 3576848.9
A43: 2020 | B43: ='Syn prin concurents par sem'!$I$16 -> #REF! | C43: ='Syn prin concurents par sem'!$I$20 -> #REF! | D43: ='Syn prin concurents par sem'!$I$22 -> #REF! | E43: ='Syn prin concurents par sem'!$I$18 -> #REF! | F43: ='Syn prin concurents par sem'!$I$26 -> #REF! | I43: 2020 | J43: ='Syn prin concurents par sem'!$I$30 -> #REF!
C46: 2019 | D46: 2020
A47: WFSLF | C47: ='Syn prin concurents par sem'!$H$17 -> 0.37055002 | D47: ='Syn prin concurents par sem'!$I$17 -> #REF!
A48: EQDOM | C48: ='Syn prin concurents par sem'!$H$21 -> 0.17263747 | D48: ='Syn prin concurents par sem'!$I$21 -> #REF!
A49: VIVALIS | C49: ='Syn prin concurents par sem'!$H$23 -> 0.16630378 | D49: ='Syn prin concurents par sem'!$I$23 -> #REF!
A50: SOFAC | C50: ='Syn prin concurents par sem'!$H$19 -> 0.13360829 | D50: ='Syn prin concurents par sem'!$I$19 -> #REF!
A51: SALAFIN | C51: ='Syn prin concurents par sem'!$H$27 -> 0.068045943 | D51: ='Syn prin concurents par sem'!$I$27 -> #REF!
A52: Autres | C52: =('Syn prin concurents par sem'!$H$30-'Syn prin concurents par sem'!$H$16-'Syn prin concurents par sem'!$H$18-'Syn prin concurents par sem'!$H$20-'Syn prin concurents par sem'!$H$22-'Syn prin concurents par sem'!$H$24-'Syn prin concurents par sem'!$H$26-'Syn prin concurents par sem'!$H$28)/'Syn prin concurents par sem'!$H$30 -> 0.00852433 | D52: =('Syn prin concurents par sem'!$I$30-'Syn prin concurents par sem'!$I$16-'Syn prin concurents par sem'!$I$18-'Syn prin concurents par sem'!$I$20-'Syn prin concurents par sem'!$I$22-'Syn prin concurents par sem'!$I$24-'Syn prin concurents par sem'!$I$26-'Syn prin concurents par sem'!$I$28)/'Syn prin concurents par sem'!$I$30 -> #REF!

Sheet Syn prin concurents
B2: =E13 -> 46082
B9: Production nette
E11: Vehicules (en MDH) | I11: Prêts personnels (en MDH) | M11: Equipement domestique (en MDH) | Q11: Revolving (en MDH) | U11: Global (en MDH)
E13: ='Syn prin concurents par catégor'!C13 -> 46082 | F13: =E13-360 -> 45722 | G13: Evolution | I13: =E13 -> 46082 | J13: =F13 -> 45722 | K13: Evolution | M13: =I13 -> 46082 | N13: =J13 -> 45722 | O13: Evolution | Q13: =M13 -> 46082 | R13: =N13 -> 45722 | S13: Evolution | U13: =Q13 -> 46082 | V13: =R13 -> 45722 | W13: Evolution | Z13: T3 auto | AD13: PP T3 | AF13: EDM | AI13: REV
B16: SOFAC | E16: =SOFAC!$B$11 -> 2870929.1 | F16: =SOFAC!$C$11 -> 2374846.4 | G16: =IF(F16=0,0,E16/F16-1) -> 0.20889044 | I16: =SOFAC!$B$23 -> 427944.8 | J16: =SOFAC!$C$23 -> 365996.14 | K16: =IF(J16=0,0,I16/J16-1) -> 0.16926044 | M16: =SOFAC!$B$18 -> 1143.1023 | N16: =SOFAC!$C$18 -> 2242.694 | O16: =IF(N16=0,0,M16/N16-1) -> -0.49029948 | Q16: =SOFAC!$B$28 -> 0 | R16: =SOFAC!$C$28 -> 0 | S16: =IF(R16=0,0,Q16/R16-1) -> 0 | U16: =Q16+M16+I16+E16 -> 3300017 | V16: =R16+N16+J16+F16 -> 2743085.2 | W16: =IF(V16=0,0,U16/V16-1) -> 0.20303116 | Z16: =E18-'Syn prin concurents'!E16 -> -1460556.5 | AA16: =+Z16+AD16 -> -1226115.5 | AD16: =I18-'Syn prin concurents'!I16 -> 234440.97 | AG16: =M18-'Syn prin concurents'!M16 -> 258152.24 | AI16: =Q18-'Syn prin concurents'!Q16 -> 4779.046 | AJ16: =W18-'Syn prin concurents'!W16 -> -0.17772533 | AL16: =U18-'Syn prin concurents'!U16 -> -963184.22
B17: Part de marché | E17: =E16/E$30 -> 0.41255608 | F17: =F16/F$30 -> 0.36887057 | G17: =(E17-F17)*100 -> 4.3685512 | I17: =I16/I$30 -> 0.23907391 | J17: =J16/J$30 -> 0.17667436 | K17: =(I17-J17)*100 -> 6.2399545 | M17: =M16/M$30 -> 0.0043862611 | N17: =N16/N$30 -> 0.013531753 | O17: =(M17-N17)*100 -> -0.91454916 | Q17: =Q16/Q$30 -> 0 | R17: =R16/R$30 -> 0 | S17: =(Q17-R17)*100 -> 0 | U17: =U16/U$30 -> 0.36603717 | V17: =V16/V$30 -> 0.31597208 | W17: =(U17-V17)*100 -> 5.0065088
B18: WAFASALAF | E18: =WAFASALAF!$B$11 -> 1410372.7 | F18: =WAFASALAF!$C$11 -> 1394520.5 | G18: =IF(F18=0,0,E18/F18-1) -> 0.011367451 | I18: =WAFASALAF!$B$23 -> 662385.77 | J18: =WAFASALAF!$C$23 -> 716594.4 | K18: =IF(J18=0,0,I18/J18-1) -> -0.075647575 | M18: =WAFASALAF!$B$18 -> 259295.34 | N18: =WAFASALAF!$C$18 -> 162726.73 | O18: =IF(N18=0,0,M18/N18-1) -> 0.59344032 | Q18: =WAFASALAF!$B$28 -> 4779.046 | R18: =WAFASALAF!$C$28 -> 5315.21 | S18: =IF(R18=0,0,Q18/R18-1) -> -0.10087353 | U18: =Q18+M18+I18+E18 -> 2336832.8 | V18: =R18+N18+J18+F18 -> 2279156.9 | W18: =IF(V18=0,0,U18/V18-1) -> 0.02530583 | Z18: =E16-'Syn prin concurents'!E18 -> 1460556.5 | AA18: =+Z18+AD18 -> 1226115.5 | AD18: =I16-'Syn prin concurents'!I18 -> -234440.97 | AG18: =M16-'Syn prin concurents'!M18 -> -258152.24 | AI18: =Q16-'Syn prin concurents'!Q18 -> -4779.046 | AL18: =U16-'Syn prin concurents'!U18 -> 963184.22
B19: Part de marché | E19: =E18/E$30 -> 0.2026723 | F19: =F18/F$30 -> 0.21660246 | G19: =(E19-F19)*100 -> -1.3930157 | I19: =I18/I$30 -> 0.37004575 | J19: =J18/J$30 -> 0.34591583 | K19: =(I19-J19)*100 -> 2.4129914 | M19: =M18/M$30 -> 0.99495651 | N19: =N18/N$30 -> 0.98184502 | O19: =(M19-N19)*100 -> 1.3111489 | Q19: =Q18/Q$30 -> 0.79358885 | R19: =R18/R$30 -> 0.89505428 | S19: =(Q19-R19)*100 -> -10.146543 | U19: =U18/U$30 -> 0.25920099 | V19: =V18/V$30 -> 0.26253283 | W19: =(U19-V19)*100 -> -0.33318452
B20: VIVALIS | E20: =VIVALIS!$B$11 -> 781065.78 | F20: =VIVALIS!$C$11 -> 1034282.2 | G20: =IF(F20=0,0,E20/F20-1) -> -0.24482334 | I20: =VIVALIS!$B$23 -> 212657.49 | J20: =VIVALIS!$C$23 -> 324761.03 | K20: =IF(J20=0,0,I20/J20-1) -> -0.34518778 | M20: =VIVALIS!$B$18 -> 0 | N20: =VIVALIS!$C$18 -> 0 | O20: =IF(N20=0,0,M20/N20-1) -> 0 | Q20: =VIVALIS!$B$28 -> 0 | R20: =VIVALIS!$C$28 -> 0 | S20: =IF(R20=0,0,Q20/R20-1) -> 0 | U20: =Q20+M20+I20+E20 -> 993723.27 | V20: =R20+N20+J20+F20 -> 1359043.2 | W20: =IF(V20=0,0,U20/V20-1) -> -0.26880673 | Z20: =E20-'Syn prin concurents'!E20 -> 0 | AA20: =+Z20+AD20 -> 0 | AD20: =I20-'Syn prin concurents'!I20 -> 0 | AG20: =M20-'Syn prin concurents'!M20 -> 0 | AI20: =Q20-'Syn prin concurents'!Q20 -> 0 | AL20: =U20-'Syn prin concurents'!U20 -> 0
B21: Part de marché | E21: =E20/E$30 -> 0.11224012 | F21: =F20/F$30 -> 0.16064882 | G21: =(E21-F21)*100 -> -4.8408693 | I21: =I20/I$30 -> 0.11880237 | J21: =J20/J$30 -> 0.15676927 | K21: =(I21-J21)*100 -> -3.79669 | M21: =M20/M$30 -> 0 | N21: =N20/N$30 -> 0 | O21: =(M21-N21)*100 -> 0 | Q21: =Q20/Q$30 -> 0 | R21: =R20/R$30 -> 0 | S21: =(Q21-R21)*100 -> 0 | U21: =U20/U$30 -> 0.11022357 | V21: =V20/V$30 -> 0.15654625 | W21: =(U21-V21)*100 -> -4.6322685
B22: EQDOM | E22: =EQDOM!$B$11 -> 655331.21 | F22: =EQDOM!$C$11 -> 543784.17 | G22: =IF(F22=0,0,E22/F22-1) -> 0.20513108 | I22: =EQDOM!$B$23 -> 284808.22 | J22: =EQDOM!$C$23 -> 375445.19 | K22: =IF(J22=0,0,I22/J22-1) -> -0.24141199 | M22: =EQDOM!$B$18 -> 171.281 | N22: =EQDOM!$C$18 -> 766.234 | O22: =IF(N22=0,0,M22/N22-1) -> -0.77646385 | Q22: =EQDOM!$B$28 -> 0 | R22: =EQDOM!$C$28 -> 0 | S22: =IF(R22=0,0,Q22/R22-1) -> 0 | U22: =Q22+M22+I22+E22 -> 940310.71 | V22: =R22+N22+J22+F22 -> 919995.59 | W22: =IF(V22=0,0,U22/V22-1) -> 0.022081753
B23: Part de marché | E23: =E22/E$30 -> 0.094171908 | F23: =F22/F$30 -> 0.084462715 | G23: =(E23-F23)*100 -> 0.97091932 | I23: =I22/I$30 -> 0.1591098 | J23: =J22/J$30 -> 0.18123563 | K23: =(I23-J23)*100 -> -2.2125822 | M23: =M22/M$30 -> 0.00065723181 | N23: =N22/N$30 -> 0.0046232295 | O23: =(M23-N23)*100 -> -0.39659977 | Q23: =Q22/Q$30 -> 0 | R23: =R22/R$30 -> 0 | S23: =(Q23-R23)*100 -> 0 | U23: =U22/U$30 -> 0.10429906 | V23: =V22/V$30 -> 0.10597298 | W23: =(U23-V23)*100 -> -0.16739229
B24: RCI | E24: ='RCI '!$B$11 -> 878735.06 | F24: ='RCI '!$C$11 -> 776137.95 | G24: =IF(F24=0,0,E24/F24-1) -> 0.13218927 | I24: ='RCI '!$B$23 -> 0 | J24: ='RCI '!$C$23 -> 0 | K24: =IF(J24=0,0,I24/J24-1) -> 0 | M24: ='RCI '!$B$18 -> 0 | N24: ='RCI '!$C$18 -> 0 | O24: =IF(N24=0,0,M24/N24-1) -> 0 | Q24: ='RCI '!$B$28 -> 0 | R24: ='RCI '!$C$28 -> 0 | S24: =IF(R24=0,0,Q24/R24-1) -> 0 | U24: =Q24+M24+I24+E24 -> 878735.06 | V24: =R24+N24+J24+F24 -> 776137.95 | W24: =IF(V24=0,0,U24/V24-1) -> 0.13218927
B25: Part de marché | E25: =E24/E$30 -> 0.12627532 | F25: =F24/F$30 -> 0.12055283 | G25: =(E25-F25)*100 -> 0.57224939 | I25: =I24/I$30 -> 0 | J25: =J24/J$30 -> 0 | K25: =(I25-J25)*100 -> 0 | M25: =M24/M$30 -> 0 | N25: =N24/N$30 -> 0 | O25: =(M25-N25)*100 -> 0 | Q25: =Q24/Q$30 -> 0 | R25: =R24/R$30 -> 0 | S25: =(Q25-R25)*100 -> 0 | U25: =U24/U$30 -> 0.097469101 | V25: =V24/V$30 -> 0.089402225 | W25: =(U25-V25)*100 -> 0.80668769
B26: SALAFIN | E26: =SALAFIN!B11 -> 151024.44 | F26: =SALAFIN!C11 -> 142561.56 | G26: =IF(F26=0,0,E26/F26-1) -> 0.059362974 | I26: =SALAFIN!B23 -> 100851.57 | J26: =SALAFIN!C23 -> 126212.98 | K26: =IF(J26=0,0,I26/J26-1) -> -0.20094135 | M26: =SALAFIN!$B$18 -> 0 | N26: =SALAFIN!$C$18 -> 0 | O26: =IF(N26=0,0,M26/N26-1) -> 0 | Q26: =SALAFIN!$B$28 -> 1243.022 | R26: =SALAFIN!$C$28 -> 623.212 | S26: =IF(R26=0,0,Q26/R26-1) -> 0.99454118 | U26: =Q26+M26+I26+E26 -> 253119.03 | V26: =R26+N26+J26+F26 -> 269397.75 | W26: =IF(V26=0,0,U26/V26-1) -> -0.060426333
B27: Part de marché | E27: =E26/E$30 -> 0.021702399 | F27: =F26/F$30 -> 0.022143227 | G27: =(E27-F27)*100 -> -0.044082783 | I27: =I26/I$30 -> 0.056341329 | J27: =J26/J$30 -> 0.060925772 | K27: =(I27-J27)*100 -> -0.45844427 | M27: =M26/M$30 -> 0 | N27: =N26/N$30 -> 0 | O27: =(M27-N27)*100 -> 0 | Q27: =Q26/Q$30 -> 0.20641115 | R27: =R26/R$30 -> 0.10494572 | S27: =(Q27-R27)*100 -> 10.146543 | U27: =U26/U$30 -> 0.028075907 | V27: =V26/V$30 -> 0.031031543 | W27: =(U27-V27)*100 -> -0.29556352
B28: AXA | E28: ='AXA CREDIT'!$B$11 -> 935.296 | F28: ='AXA CREDIT'!$C$11 -> 3021.509 | G28: =IF(F28=0,0,E28/F28-1) -> -0.69045401 | I28: ='AXA CREDIT'!$B$23 -> 93308.449 | J28: ='AXA CREDIT'!$C$23 -> 151048.95 | K28: =IF(J28=0,0,I28/J28-1) -> -0.38226352 | M28: ='AXA CREDIT'!$B$18 -> 0 | N28: ='AXA CREDIT'!$C$18 -> 0 | O28: =IF(N28=0,0,M28/N28-1) -> 0 | Q28: ='AXA CREDIT'!$B$28 -> 0 | R28: ='AXA CREDIT'!$C$28 -> 0 | S28: =IF(R28=0,0,Q28/R28-1) -> 0 | U28: =Q28+M28+I28+E28 -> 94243.745 | V28: =R28+N28+J28+F28 -> 154070.46 | W28: =IF(V28=0,0,U28/V28-1) -> -0.38830751
B29: Part de marché | E29: =E28/E$30 -> 0.0001344032 | F29: =F28/F$30 -> 0.00046931276 | G29: =(E29-F29)*100 -> -0.033490957 | I29: =I28/I$30 -> 0.052127319 | J29: =J28/J$30 -> 0.072914642 | K29: =(I29-J29)*100 -> -2.0787323 | M29: =M28/M$30 -> 0 | N29: =N28/N$30 -> 0 | O29: =(M29-N29)*100 -> 0 | Q29: =Q28/Q$30 -> 0 | R29: =R28/R$30 -> 0 | S29: =(Q29-R29)*100 -> 0 | U29: =U28/U$30 -> 0.010453496 | V29: =V28/V$30 -> 0.017747157 | W29: =(U29-V29)*100 -> -0.72936613
B30: Marché | E30: =GLOBAL!$B$11 -> 6958882.1 | F30: =GLOBAL!$C$11 -> 6438156.4 | G30: =IF(F30=0,0,E30/F30-1) -> 0.080881179 | I30: =GLOBAL!$B$23 -> 1790010.5 | J30: =GLOBAL!$C$23 -> 2071586 | K30: =IF(J30=0,0,I30/J30-1) -> -0.13592267 | M30: =GLOBAL!$B$18 -> 260609.72 | N30: =GLOBAL!$C$18 -> 165735.66 | O30: =IF(N30=0,0,M30/N30-1) -> 0.57244204 | Q30: =GLOBAL!$B$28 -> 6022.068 | R30: =GLOBAL!$C$28 -> 5938.422 | S30: =IF(R30=0,0,Q30/R30-1) -> 0.01408556 | U30: =Q30+M30+I30+E30 -> 9015524.4 | V30: =R30+N30+J30+F30 -> 8681416.5 | W30: =IF(V30=0,0,U30/V30-1) -> 0.038485411
B33: Encours Sain
E35: Vehicules (en MDH): | I35: Prêts personnels (en MDH) | M35: Equipement domestique (en MDH) | Q35: Revolving (en MDH) | U35: Global (en MDH)
E37: =E13 -> 46082 | F37: 45992 | G37: Evolution | I37: =E37 -> 46082 | J37: =F37 -> 45992 | K37: Evolution | M37: =I37 -> 46082 | N37: =J37 -> 45992 | O37: Evolution | Q37: =M37 -> 46082 | R37: =N37 -> 45992 | S37: Evolution | U37: =Q37 -> 46082 | V37: =R37 -> 45992 | W37: Evolution
B40: WAFASALAF | E40: =WAFASALAF!$B$41 -> 15684752 | F40: =+'[2]Syn prin concurents'!$E$40 -> 14963780 | G40: =IF(F40=0,0,E40/F40-1) -> 0.048181104 | I40: =WAFASALAF!$B$50 -> 8793278.6 | J40: =+'[2]Syn prin concurents'!$I$40 -> 8793162.5 | K40: =IF(J40=0,0,I40/J40-1) -> 1.3206398e-05 | M40: =WAFASALAF!$B$48-WAFASALAF!$B$41 -> 605147.41 | N40: ='[2]Syn prin concurents'!$M$40 -> 526530.19 | O40: =IF(N40=0,0,M40/N40-1) -> 0.1493119 | Q40: =WAFASALAF!$B$55 -> 74028.192 | R40: ='[2]Syn prin concurents'!$Q$40 -> 75392.82 | S40: =IF(R40=0,0,Q40/R40-1) -> -0.018100238 | U40: =Q40+M40+I40+E40 -> 25157206 | V40: =R40+N40+J40+F40 -> 24358866 | W40: =IF(V40=0,0,U40/V40-1) -> 0.032774111 | Z40: =E40-'Syn prin concurents'!E40 -> 0 | AD40: =I40-'Syn prin concurents'!I40 -> 0 | AG40: =M40-'Syn prin concurents'!M40 -> 0 | AI40: =Q40-'Syn prin concurents'!Q40 -> 0 | AJ40: =W40-'Syn prin concurents'!W40 -> 0 | AL40: =U40-'Syn prin concurents'!U40 -> 0
B41: Part de marché | E41: =E40/E$54 -> 0.27809813 | F41: =F40/F$54 -> 0.28058151 | G41: =(E41-F41)*100 -> -0.24833773 | I41: =I40/I$54 -> 0.33905709 | J41: =J40/J$54 -> 0.33819791 | K41: =(I41-J41)*100 -> 0.085917861 | M41: =M40/M$54 -> 0.99022624 | N41: =N40/N$54 -> 0.98782547 | O41: =(M41-N41)*100 -> 0.24007765 | Q41: =Q40/Q$54 -> 0.32790682 | R41: =R40/R$54 -> 0.43523822 | S41: =(Q41-R41)*100 -> -10.73314 | U41: =U40/U$54 -> 0.30247406 | V41: =V40/V$54 -> 0.30434276 | W41: =(U41-V41)*100 -> -0.18687048
B42: SOFAC | E42: =SOFAC!B41 -> 15645979 | F42: =+[2]SOFAC!$B$41 -> 13709550 | G42: =IF(F42=0,0,E42/F42-1) -> 0.14124669 | I42: =SOFAC!B50 -> 3875022.7 | J42: =+'[2]Syn prin concurents'!$I$42 -> 3748985.8 | K42: =IF(J42=0,0,I42/J42-1) -> 0.033618935 | M42: =SOFAC!B48-SOFAC!B41 -> 4423.4979 | N42: ='[2]Syn prin concurents'!$M$42 -> 4639.6442 | O42: =IF(N42=0,0,M42/N42-1) -> -0.046586831 | Q42: =SOFAC!B55 -> 0 | R42: ='[2]Syn prin concurents'!$Q$42 -> 0 | S42: =IF(R42=0,0,Q42/R42-1) -> 0 | U42: =Q42+M42+I42+E42 -> 19525425 | V42: =R42+N42+J42+F42 -> 17463175 | W42: =IF(V42=0,0,U42/V42-1) -> 0.11809131 | Z42: =E42-'Syn prin concurents'!E42 -> 0 | AD42: =I42-'Syn prin concurents'!I42 -> 0 | AG42: =M42-'Syn prin concurents'!M42 -> 0 | AI42: =Q42-'Syn prin concurents'!Q42 -> 0 | AL42: =U42-'Syn prin concurents'!U42 -> 0
B43: Part de marché | E43: =E42/E$54 -> 0.27741067 | F43: =F42/F$54 -> 0.2570638 | G43: =(E43-F43)*100 -> 2.0346865 | I43: =I42/I$54 -> 0.1494157 | J43: =J42/J$54 -> 0.14419149 | K43: =(I43-J43)*100 -> 0.52242189 | M43: =M42/M$54 -> 0.0072383416 | N43: =N42/N$54 -> 0.0087044557 | O43: =(M43-N43)*100 -> -0.14661141 | Q43: =Q42/Q$54 -> 0 | R43: =R42/R$54 -> 0 | S43: =(Q43-R43)*100 -> 0 | U43: =U42/U$54 -> 0.23476115 | V43: =V42/V$54 -> 0.21818713 | W43: =(U43-V43)*100 -> 1.6574013
B44: VIVALIS | E44: =VIVALIS!B41 -> 10896178 | F44: =+'[2]Syn prin concurents'!$E$44 -> 11314645 | G44: =IF(F44=0,0,E44/F44-1) -> -0.036984497 | I44: =VIVALIS!B50 -> 5436494 | J44: =+'[2]Syn prin concurents'!$I$44 -> 5668706.6 | K44: =IF(J44=0,0,I44/J44-1) -> -0.040963953 | M44: =VIVALIS!$B$48-VIVALIS!$B$41 -> 0 | N44: ='[2]Syn prin concurents'!$M$44 -> 0 | O44: =IF(N44=0,0,M44/N44-1) -> 0 | Q44: =VIVALIS!$B$55 -> 0 | R44: ='[2]Syn prin concurents'!$Q$44 -> 0 | S44: =IF(R44=0,0,Q44/R44-1) -> 0 | U44: =Q44+M44+I44+E44 -> 16332672 | V44: =R44+N44+J44+F44 -> 16983351 | W44: =IF(V44=0,0,U44/V44-1) -> -0.038312761 | Z44: =E44-'Syn prin concurents'!E44 -> 0 | AD44: =I44-'Syn prin concurents'!I44 -> 0 | AG44: =M44-'Syn prin concurents'!M44 -> 0 | AI44: =Q44-'Syn prin concurents'!Q44 -> 0 | AL44: =U44-'Syn prin concurents'!U44 -> 0
B45: Part de marché | E45: =E44/E$54 -> 0.19319444 | F45: =F44/F$54 -> 0.21215763 | G45: =(E45-F45)*100 -> -1.8963186 | I45: =I44/I$54 -> 0.20962395 | J45: =J44/J$54 -> 0.21802676 | K45: =(I45-J45)*100 -> -0.84028073 | M45: =M44/M$54 -> 0 | N45: =N44/N$54 -> 0 | O45: =(M45-N45)*100 -> 0 | Q45: =Q44/Q$54 -> 0 | R45: =R44/R$54 -> 0 | S45: =(Q45-R45)*100 -> 0 | U45: =U44/U$54 -> 0.19637354 | V45: =V44/V$54 -> 0.21219215 | W45: =(U45-V45)*100 -> -1.5818606
B46: EQDOM | E46: =EQDOM!$B$41 -> 5309762.3 | F46: =+'[2]Syn prin concurents'!$E$46 -> 4911209.1 | G46: =IF(F46=0,0,E46/F46-1) -> 0.081151767 | I46: =EQDOM!$B$50 -> 4681801.3 | J46: =+'[2]Syn prin concurents'!$I$46 -> 4707307.4 | K46: =IF(J46=0,0,I46/J46-1) -> -0.0054183982 | M46: =EQDOM!$B$48-EQDOM!$B$41 -> 1549.444 | N46: ='[2]Syn prin concurents'!$M$46 -> 1849.619 | O46: =IF(N46=0,0,M46/N46-1) -> -0.16229018 | Q46: =EQDOM!$B$55 -> 0 | R46: ='[2]Syn prin concurents'!$Q$46 -> 0 | S46: =IF(R46=0,0,Q46/R46-1) -> 0 | U46: =Q46+M46+I46+E46 -> 9993113.1 | V46: =R46+N46+J46+F46 -> 9620366 | W46: =IF(V46=0,0,U46/V46-1) -> 0.03874562
B47: Part de marché | E47: =E46/E$54 -> 0.09414462 | F47: =F46/F$54 -> 0.092088659 | G47: =(E47-F47)*100 -> 0.20559616 | I47: =I46/I$54 -> 0.18052401 | J47: =J46/J$54 -> 0.18104994 | K47: =(I47-J47)*100 -> -0.052592661 | M47: =M46/M$54 -> 0.0025354155 | N47: =N46/N$54 -> 0.0034700779 | O47: =(M47-N47)*100 -> -0.09346624 | Q47: =Q46/Q$54 -> 0 | R47: =R46/R$54 -> 0 | S47: =(Q47-R47)*100 -> 0 | U47: =U46/U$54 -> 0.12015076 | V47: =V46/V$54 -> 0.12019808 | W47: =(U47-V47)*100 -> -0.0047313007
B48: RCI | E48: ='RCI '!$B$41 -> 6280424.6 | F48: =+'[2]Syn prin concurents'!$E$48 -> 6050871.8 | G48: =IF(F48=0,0,E48/F48-1) -> 0.037937141 | I48: ='RCI '!$B$50 -> 0 | J48: =+'[2]Syn prin concurents'!$I$48 -> 0 | K48: =IF(J48=0,0,I48/J48-1) -> 0 | M48: ='RCI '!$B$48-'RCI '!$B$41 -> 0 | N48: ='[2]Syn prin concurents'!$M$48 -> 0 | O48: =IF(N48=0,0,M48/N48-1) -> 0 | Q48: ='RCI '!$B$55 -> 0 | R48: ='[2]Syn prin concurents'!$Q$48 -> 0 | S48: =IF(R48=0,0,Q48/R48-1) -> 0 | U48: =Q48+M48+I48+E48 -> 6280424.6 | V48: =R48+N48+J48+F48 -> 6050871.8 | W48: =IF(V48=0,0,U48/V48-1) -> 0.037937141
B49: Part de marché | E49: =E48/E$54 -> 0.11135493 | F49: =F48/F$54 -> 0.11345815 | G49: =(E49-F49)*100 -> -0.21032199 | I49: =I48/I$54 -> 0 | J49: =J48/J$54 -> 0 | K49: =(I49-J49)*100 -> 0 | M49: =M48/M$54 -> 0 | N49: =N48/N$54 -> 0 | O49: =(M49-N49)*100 -> 0 | Q49: =Q48/Q$54 -> 0 | R49: =R48/R$54 -> 0 | S49: =(Q49-R49)*100 -> 0 | U49: =U48/U$54 -> 0.075511785 | V49: =V48/V$54 -> 0.075600362 | W49: =(U49-V49)*100 -> -0.0088576557
B50: SALAFIN | E50: =SALAFIN!B41 -> 1394923.7 | F50: =+'[2]Syn prin concurents'!$E$50 -> 1323553.5 | G50: =IF(F50=0,0,E50/F50-1) -> 0.053923197 | I50: =SALAFIN!B50 -> 959308.06 | J50: =+'[2]Syn prin concurents'!$I$50 -> 891751.11 | K50: =IF(J50=0,0,I50/J50-1) -> 0.075757637 | M50: =SALAFIN!$B$48-SALAFIN!$B$41 -> 0 | N50: ='[2]Syn prin concurents'!$M$50 -> 0 | O50: =IF(N50=0,0,M50/N50-1) -> 0 | Q50: =SALAFIN!$B$55 -> 151731.65 | R50: ='[2]Syn prin concurents'!$Q$50 -> 97829.146 | S50: =IF(R50=0,0,Q50/R50-1) -> 0.55098617 | U50: =Q50+M50+I50+E50 -> 2505963.4 | V50: =R50+N50+J50+F50 -> 2313133.7 | W50: =IF(V50=0,0,U50/V50-1) -> 0.08336297
B51: Part de marché | E51: =E50/E$54 -> 0.024732663 | F51: =F50/F$54 -> 0.024817568 | G51: =(E51-F51)*100 -> -0.0084904849 | I51: =I50/I$54 -> 0.036989638 | J51: =J50/J$54 -> 0.034298054 | K51: =(I51-J51)*100 -> 0.26915849 | M51: =M50/M$54 -> 0 | N51: =N50/N$54 -> 0 | O51: =(M51-N51)*100 -> 0 | Q51: =Q50/Q$54 -> 0.67209318 | R51: =R50/R$54 -> 0.56476178 | S51: =(Q51-R51)*100 -> 10.73314 | U51: =U50/U$54 -> 0.030130092 | V51: =V50/V$54 -> 0.028900587 | W51: =(U51-V51)*100 -> 0.12295053
B52: AXA | E52: ='AXA CREDIT'!$B$41 -> 13470.115 | F52: =+'[2]Syn prin concurents'!$E$52 -> 13470.115 | G52: =IF(F52=0,0,E52/F52-1) -> 0 | I52: ='AXA CREDIT'!$B$50 -> 2167039.3 | J52: =+'[2]Syn prin concurents'!$I$52 -> 2167039.3 | K52: =IF(J52=0,0,I52/J52-1) -> 0 | N52: ='[3]Syn prin concurents'!M52 -> 0 | O52: =IF(N52=0,0,M52/N52-1) -> 0 | Q52: ='AXA CREDIT'!$B$55 -> 0 | R52: ='[2]Syn prin concurents'!$Q$52 -> 0 | S52: =IF(R52=0,0,Q52/R52-1) -> 0 | U52: =Q52+M52+I52+E52 -> 2180509.4 | V52: =R52+N52+J52+F52 -> 2180509.4 | W52: =IF(V52=0,0,U52/V52-1) -> 0
B53: Part de marché | E53: =E52/E$54 -> 0.00023883157 | F53: =F52/F$54 -> 0.00025257423 | G53: =(E53-F53)*100 -> -0.0013742658 | I53: =I52/I$54 -> 0.083558143 | J53: =J52/J$54 -> 0.083347505 | K53: =(I53-J53)*100 -> 0.021063759 | M53: =M52/M$54 -> 0 | N53: =N52/N$54 -> 0 | O53: =(M53-N53)*100 -> 0 | Q53: =Q52/Q$54 -> 0 | R53: =R52/R$54 -> 0 | S53: =(Q53-R53)*100 -> 0 | U53: =U52/U$54 -> 0.026217042 | V53: =V52/V$54 -> 0.027243562 | W53: =(U53-V53)*100 -> -0.10265193
B54: Marché | D54: ='[4]global '!$E$11 -> 3701705 | E54: =GLOBAL!B41 -> 56400061 | F54: =+'[2]Syn prin concurents'!$E$54 -> 53331313 | G54: =IF(F54=0,0,E54/F54-1) -> 0.057541214 | I54: =GLOBAL!B51+GLOBAL!B52+GLOBAL!B53+GLOBAL!B54 -> 25934508 | J54: =+'[2]Syn prin concurents'!$I$54 -> 26000050 | K54: =IF(J54=0,0,I54/J54-1) -> -0.0025208505 | M54: =GLOBAL!B48-GLOBAL!B41 -> 611120.35 | N54: ='[2]Syn prin concurents'!$M$54 -> 533019.45 | O54: =IF(N54=0,0,M54/N54-1) -> 0.14652543 | Q54: =GLOBAL!B55 -> 225759.84 | R54: ='[2]Syn prin concurents'!$Q$54 -> 173221.97 | S54: =IF(R54=0,0,Q54/R54-1) -> 0.30329801 | U54: =Q54+M54+I54+E54 -> 83171449 | V54: =R54+N54+J54+F54 -> 80037604 | W54: =IF(V54=0,0,U54/V54-1) -> 0.039154658
B57: Créances en souffrances
E59: Vehicules (en MDH): | I59: Prêts personnels (en MDH) | M59: Equipement domestique (en MDH) | Q59: Revolving (en MDH) | U59: Global (en MDH)
E61: =E37 -> 46082 | F61: =F37 -> 45992 | G61: Evolution | I61: =E61 -> 46082 | J61: =F61 -> 45992 | K61: Evolution | M61: =I61 -> 46082 | N61: =J61 -> 45992 | O61: Evolution | Q61: =M61 -> 46082 | R61: =N61 -> 45992 | S61: Evolution | U61: =Q61 -> 46082 | V61: =R61 -> 45992 | W61: Evolution | Z61: =U64/U87 -> 0.1041468 | AA61: =+'Syn prin concurents'!E64 -> 1355921.4
B64: WAFASALAF | E64: =WAFASALAF!$B$97 -> 1355921.4 | F64: =+'[2]Syn prin concurents'!$E$64 -> 1222020.3 | G64: =IF(F64=0,0,E64/F64-1) -> 0.10957356 | I64: =WAFASALAF!$B$106 -> 1461907.3 | J64: =+'[2]Syn prin concurents'!$I$64 -> 1452431.1 | K64: =IF(J64=0,0,I64/J64-1) -> 0.0065243867 | M64: =WAFASALAF!$B$103-WAFASALAF!$B$97 -> 68420.011 | N64: ='[2]Syn prin concurents'!$M$64 -> 58502.297 | O64: =IF(N64=0,0,M64/N64-1) -> 0.16952692 | Q64: =WAFASALAF!$B$111 -> 38385.053 | R64: ='[2]Syn prin concurents'!$Q$64 -> 40624.675 | S64: =IF(R64=0,0,Q64/R64-1) -> -0.055129598 | U64: =Q64+M64+I64+E64 -> 2924633.8 | V64: =R64+N64+J64+F64 -> 2773578.3 | W64: =IF(V64=0,0,U64/V64-1) -> 0.054462291 | Z64: =E64-'Syn prin concurents'!E64 -> 0 | AA64: =+Z64+AD64 -> 0 | AD64: =I64-'Syn prin concurents'!I64 -> 0 | AG64: =M64-'Syn prin concurents'!M64 -> 0 | AI64: =Q64-'Syn prin concurents'!Q64 -> 0 | AJ64: =W64-'Syn prin concurents'!W64 -> 0 | AL64: =U64-'Syn prin concurents'!U64 -> 0
B65: Part de marché | E65: =E64/E$78 -> 0.17595437 | F65: =F64/F$78 -> 0.1812855 | G65: =(E65-F65)*100 -> -0.53311292 | I65: =I64/I$78 -> 0.30648924 | J65: =J64/J$78 -> 0.30996117 | K65: =(I65-J65)*100 -> -0.34719353 | M65: =M64/M$78 -> 0.92814374 | N65: =N64/N$78 -> 0.91798956 | O65: =(M65-N65)*100 -> 1.0154176 | Q65: =Q64/Q$78 -> 0.46361308 | R65: =R64/R$78 -> 0.26623889 | S65: =(Q65-R65)*100 -> 19.737419 | U65: =U64/U$78 -> 0.2315174 | V65: =V64/V$78 -> 0.23821802 | W65: =(U65-V65)*100 -> -0.67006205
B66: EQDOM | E66: =EQDOM!$B$97 -> 885886.19 | F66: =+'[2]Syn prin concurents'!$E$66 -> 827543.05 | G66: =IF(F66=0,0,E66/F66-1) -> 0.070501638 | I66: =EQDOM!$B$106 -> 900163.57 | J66: =+'[2]Syn prin concurents'!$I$66 -> 922707.46 | K66: =IF(J66=0,0,I66/J66-1) -> -0.024432327 | M66: =EQDOM!$B$103-EQDOM!$B$97 -> 4975.393 | N66: ='[2]Syn prin concurents'!$M$66 -> 4979.767 | O66: =IF(N66=0,0,M66/N66-1) -> -0.00087835435 | Q66: =EQDOM!$B$111 -> 0 | R66: ='[2]Syn prin concurents'!$Q$66 -> 0 | S66: =IF(R66=0,0,Q66/R66-1) -> 0 | U66: =Q66+M66+I66+E66 -> 1791025.2 | V66: =R66+N66+J66+F66 -> 1755230.3 | W66: =IF(V66=0,0,U66/V66-1) -> 0.020393265 | Z66: =E70-'Syn prin concurents'!E66 -> 752862.14 | AA66: =+Z66+AD66 -> 636907.15 | AD66: =I70-'Syn prin concurents'!I66 -> -115954.98 | AG66: =M70-'Syn prin concurents'!M66 -> -4653.7549 | AI66: =Q70-'Syn prin concurents'!Q66 -> 0 | AL66: =U70-'Syn prin concurents'!U66 -> 632253.4
B67: Part de marché | E67: =E66/E$78 -> 0.11495913 | F67: =F66/F$78 -> 0.12276519 | G67: =(E67-F67)*100 -> -0.78060606 | I67: =I66/I$78 -> 0.18871952 | J67: =J66/J$78 -> 0.19691364 | K67: =(I67-J67)*100 -> -0.81941158 | M67: =M66/M$78 -> 0.067493118 | N67: =N66/N$78 -> 0.078140079 | O67: =(M67-N67)*100 -> -1.0646962 | Q67: =Q66/Q$78 -> 0 | R67: =R66/R$78 -> 0 | S67: =(Q67-R67)*100 -> 0 | U67: =U66/U$78 -> 0.14177962 | V67: =V66/V$78 -> 0.1507538 | W67: =(U67-V67)*100 -> -0.89741752
B68: VIVALIS | E68: =VIVALIS!B97 -> 2510184.2 | F68: =+'[2]Syn prin concurents'!$E$68 -> 1883393.1 | G68: =IF(F68=0,0,E68/F68-1) -> 0.33279888 | I68: =VIVALIS!B106 -> 633267.11 | J68: =+'[2]Syn prin concurents'!$I$68 -> 474914.71 | K68: =IF(J68=0,0,I68/J68-1) -> 0.33343334 | M68: =VIVALIS!$B$103-VIVALIS!$B$97 -> 0 | N68: ='[2]Syn prin concurents'!$M$68 -> 0 | O68: =IF(N68=0,0,M68/N68-1) -> 0 | Q68: =VIVALIS!$B$111 -> 0 | R68: ='[2]Syn prin concurents'!$Q$68 -> 0 | S68: =IF(R68=0,0,Q68/R68-1) -> 0 | U68: =Q68+M68+I68+E68 -> 3143451.3 | V68: =R68+N68+J68+F68 -> 2358307.8 | W68: =IF(V68=0,0,U68/V68-1) -> 0.33292665 | Z68: =E68-'Syn prin concurents'!E68 -> 0 | AA68: =+Z68+AD68 -> 0 | AD68: =I68-'Syn prin concurents'!I68 -> 0 | AG68: =M68-'Syn prin concurents'!M68 -> 0 | AI68: =Q68-'Syn prin concurents'!Q68 -> 0 | AL68: =U68-'Syn prin concurents'!U68 -> 0
B69: Part de marché | E69: =E68/E$78 -> 0.32574003 | F69: =F68/F$78 -> 0.27939949 | G69: =(E69-F69)*100 -> 4.6340531 | I69: =I68/I$78 -> 0.13276461 | J69: =J68/J$78 -> 0.10135085 | K69: =(I69-J69)*100 -> 3.1413763 | M69: =M68/M$78 -> 0 | N69: =N68/N$78 -> 0 | O69: =(M69-N69)*100 -> 0 | Q69: =Q68/Q$78 -> 0 | R69: =R68/R$78 -> 0 | S69: =(Q69-R69)*100 -> 0 | U69: =U68/U$78 -> 0.24883924 | V69: =V68/V$78 -> 0.20255112 | W69: =(U69-V69)*100 -> 4.6288123
B70: SOFAC | E70: =SOFAC!B97 -> 1638748.3 | F70: =+'[2]Syn prin concurents'!$E$70 -> 1463519.6 | G70: =IF(F70=0,0,E70/F70-1) -> 0.11973107 | I70: =SOFAC!B106 -> 784208.59 | J70: =+'[2]Syn prin concurents'!$I$70 -> 734509.68 | K70: =IF(J70=0,0,I70/J70-1) -> 0.067662696 | M70: =SOFAC!B103-SOFAC!B97 -> 321.63811 | N70: ='[2]Syn prin concurents'!$M$70 -> 246.65298 | O70: =IF(N70=0,0,M70/N70-1) -> 0.30401064 | Q70: =SOFAC!B111 -> 0 | R70: ='[2]Syn prin concurents'!$Q$70 -> 0 | S70: =IF(R70=0,0,Q70/R70-1) -> 0 | U70: =Q70+M70+I70+E70 -> 2423278.6 | V70: =R70+N70+J70+F70 -> 2198275.9 | W70: =IF(V70=0,0,U70/V70-1) -> 0.10235414
B71: Part de marché | E71: =E70/E$78 -> 0.21265608 | F71: =F70/F$78 -> 0.21711168 | G71: =(E71-F71)*100 -> -0.44555992 | I71: =I70/I$78 -> 0.16440953 | J71: =J70/J$78 -> 0.15675063 | K71: =(I71-J71)*100 -> 0.76589027 | M71: =M70/M$78 -> 0.0043631445 | N71: =N70/N$78 -> 0.0038703585 | O71: =(M71-N71)*100 -> 0.049278607 | Q71: =Q70/Q$78 -> 0 | R71: =R70/R$78 -> 0 | S71: =(Q71-R71)*100 -> 0 | U71: =U70/U$78 -> 0.19182954 | V71: =V70/V$78 -> 0.18880625 | W71: =(U71-V71)*100 -> 0.30232862
B72: SALAFIN | E72: =SALAFIN!B97 -> 365618.13 | F72: =+'[2]Syn prin concurents'!$E$72 -> 422167.64 | G72: =IF(F72=0,0,E72/F72-1) -> -0.13395036 | I72: =SALAFIN!B106 -> 550058.28 | J72: =+'[2]Syn prin concurents'!$I$72 -> 660571.49 | K72: =IF(J72=0,0,I72/J72-1) -> -0.1672994 | M72: =SALAFIN!$B$103-SALAFIN!$B$97 -> 0 | N72: ='[2]Syn prin concurents'!$M$72 -> 0 | O72: =IF(N72=0,0,M72/N72-1) -> 0 | Q72: =SALAFIN!$B$111 -> 44341.983 | R72: ='[2]Syn prin concurents'!$Q$72 -> 43549.631 | S72: =IF(R72=0,0,Q72/R72-1) -> 0.01819423 | U72: =Q72+M72+I72+E72 -> 960018.4 | V72: =R72+N72+J72+F72 -> 1126288.8 | W72: =IF(V72=0,0,U72/V72-1) -> -0.14762677
B73: Part de marché | E73: =E72/E$78 -> 0.047445308 | F73: =F72/F$78 -> 0.062628152 | G73: =(E73-F73)*100 -> -1.5182844 | I73: =I72/I$78 -> 0.11531986 | J73: =J72/J$78 -> 0.14097159 | K73: =(I73-J73)*100 -> -2.5651729 | M73: =M72/M$78 -> 0 | N73: =N72/N$78 -> 0 | O73: =(M73-N73)*100 -> 0 | Q73: =Q72/Q$78 -> 0.53556063 | R73: =R72/R$78 -> 0.28540796 | S73: =(Q73-R73)*100 -> 25.015268 | U73: =U72/U$78 -> 0.075996168 | V73: =V72/V$78 -> 0.096735063 | W73: =(U73-V73)*100 -> -2.0738895
B74: RCI | E74: ='RCI '!$B$97 -> 860697.12 | F74: =+'[2]Syn prin concurents'!$E$74 -> 850884.12 | G74: =IF(F74=0,0,E74/F74-1) -> 0.011532707 | I74: ='RCI '!$B$106 -> 0 | J74: =+'[2]Syn prin concurents'!$I$74 -> 0 | K74: =IF(J74=0,0,I74/J74-1) -> 0 | M74: ='RCI '!$B$103-'RCI '!$B$97 -> 0 | N74: ='[2]Syn prin concurents'!$M$74 -> 0 | O74: =IF(N74=0,0,M74/N74-1) -> 0 | Q74: ='RCI '!$B$111 -> 0 | R74: ='[2]Syn prin concurents'!$Q$74 -> 0 | S74: =IF(R74=0,0,Q74/R74-1) -> 0 | U74: =Q74+M74+I74+E74 -> 860697.12 | V74: =R74+N74+J74+F74 -> 850884.12 | W74: =IF(V74=0,0,U74/V74-1) -> 0.011532707
B75: Part de marché | E75: =E74/E$78 -> 0.11169041 | F75: =F74/F$78 -> 0.12622782 | G75: =(E75-F75)*100 -> -1.4537405 | I75: =I74/I$78 -> 0 | J75: =J74/J$78 -> 0 | K75: =(I75-J75)*100 -> 0 | M75: =M74/M$78 -> 0 | N75: =N74/N$78 -> 0 | O75: =(M75-N75)*100 -> 0 | Q75: =Q74/Q$78 -> 0 | R75: =R74/R$78 -> 0 | S75: =(Q75-R75)*100 -> 0 | U75: =U74/U$78 -> 0.068133781 | V75: =V74/V$78 -> 0.073081018 | W75: =(U75-V75)*100 -> -0.49472371
B76: AXA | E76: ='AXA CREDIT'!$B$97 -> 6917.039 | F76: =+'[2]Syn prin concurents'!$E$76 -> 6917.039 | G76: =IF(F76=0,0,E76/F76-1) -> 0 | I76: ='AXA CREDIT'!$B$106 -> 439148.83 | J76: =+'[2]Syn prin concurents'!$I$76 -> 439148.83 | K76: =IF(J76=0,0,I76/J76-1) -> 0 | N76: ='[3]Syn prin concurents'!M76 -> 0 | O76: =IF(N76=0,0,M76/N76-1) -> 0 | Q76: ='AXA CREDIT'!$B$111 -> 68.413 | R76: ='[2]Syn prin concurents'!$Q$76 -> 68413 | S76: =IF(R76=0,0,Q76/R76-1) -> -0.999 | U76: =Q76+M76+I76+E76 -> 446134.28 | V76: =U76 -> 446134.28 | W76: =IF(V76=0,0,U76/V76-1) -> 0
B77: Part de marché | E77: =E76/E$78 -> 0.00089760604 | F77: =F76/F$78 -> 0.0010261359 | G77: =(E77-F77)*100 -> -0.012852985 | I77: =I76/I$78 -> 0.092067664 | J77: =J76/J$78 -> 0.093718103 | K77: =(I77-J77)*100 -> -0.16504397 | M77: =M76/M$78 -> 0 | N77: =N76/N$78 -> 0 | O77: =(M77-N77)*100 -> 0 | Q77: =Q76/Q$78 -> 0.00082628938 | R77: =R76/R$78 -> 0.44835315 | S77: =(Q77-R77)*100 -> -44.752687 | U77: =U76/U$78 -> 0.035316506 | V77: =V76/V$78 -> 0.038317729 | W77: =(U77-V77)*100 -> -0.30012228
B78: Marché | D78: ='[4]global '!$E$11 -> 3701705 | E78: =GLOBAL!B97 -> 7706096.8 | F78: =+'[2]Syn prin concurents'!$E$78 -> 6740860.6 | G78: =IF(F78=0,0,E78/F78-1) -> 0.14319182 | I78: =GLOBAL!B106 -> 4769848.7 | J78: =+'[2]Syn prin concurents'!$I$78 -> 4685848.4 | K78: =IF(J78=0,0,I78/J78-1) -> 0.017926378 | M78: =GLOBAL!B103-GLOBAL!B97 -> 73717.042 | N78: ='[2]Syn prin concurents'!$M$78 -> 63728.717 | O78: =IF(N78=0,0,M78/N78-1) -> 0.15673194 | Q78: =GLOBAL!B111 -> 82795.449 | R78: ='[2]Syn prin concurents'!$Q$78 -> 152587.31 | S78: =IF(R78=0,0,Q78/R78-1) -> -0.45738967 | U78: =Q78+M78+I78+E78 -> 12632458 | V78: =R78+N78+J78+F78 -> 11643025 | W78: =IF(V78=0,0,U78/V78-1) -> 0.08498074
B80: Encours brut
E82: Vehicules (en MDH): | I82: Prêts personnels (en MDH) | M82: Equipement domestique (en MDH) | Q82: Revolving (en MDH) | U82: Global (en MDH)
E84: =E61 -> 46082 | F84: =F61 -> 45992 | G84: Evolution | I84: =E84 -> 46082 | J84: =J61 -> 45992 | K84: Evolution | M84: =I84 -> 46082 | N84: =N61 -> 45992 | O84: Evolution | Q84: =M84 -> 46082 | R84: =R61 -> 45992 | S84: Evolution | U84: =Q84 -> 46082 | V84: =R84 -> 45992 | W84: Evolution
B87: WAFASALAF | E87: =WAFASALAF!$B$69 -> 17040673 | F87: =+'[2]Syn prin concurents'!$E$87 -> 16185800 | G87: =IF(F87=0,0,E87/F87-1) -> 0.052816205 | I87: =WAFASALAF!$B$78 -> 10255186 | J87: =+'[2]Syn prin concurents'!$I$87 -> 10245594 | K87: =IF(J87=0,0,I87/J87-1) -> 0.00093624132 | M87: =WAFASALAF!$B$75-WAFASALAF!$B$69 -> 673567.42 | N87: ='[2]Syn prin concurents'!$M$87 -> 585032.48 | O87: =IF(N87=0,0,M87/N87-1) -> 0.15133337 | Q87: =WAFASALAF!$B$83 -> 112413.24 | R87: ='[2]Syn prin concurents'!$Q$87 -> 116017.5 | S87: =IF(R87=0,0,Q87/R87-1) -> -0.031066435 | U87: =Q87+M87+I87+E87 -> 28081840 | V87: =R87+N87+J87+F87 -> 27132444 | W87: =IF(V87=0,0,U87/V87-1) -> 0.034991157 | Z87: =E87-'Syn prin concurents'!E87 -> 0 | AA87: =+Z87+AD87 -> 0 | AD87: =I87-'Syn prin concurents'!I87 -> 0 | AG87: =M87-'Syn prin concurents'!M87 -> 0 | AI87: =Q87-'Syn prin concurents'!Q87 -> 0 | AJ87: =W87-'Syn prin concurents'!W87 -> 0 | AL87: =U87-'Syn prin concurents'!U87 -> 0
B88: Part de marché | E88: =E87/E$101 -> 0.2658196 | F88: =F87/F$101 -> 0.26943923 | G88: =(E88-F88)*100 -> -0.36196392 | I88: =I87/I$101 -> 0.33399775 | J88: =J87/J$101 -> 0.33388605 | K88: =(I88-J88)*100 -> 0.011169303 | M88: =M87/M$101 -> 0.98354358 | N88: =N87/N$101 -> 0.98036746 | O88: =(M88-N88)*100 -> 0.31761198 | Q88: =Q87/Q$101 -> 0.36432123 | R88: =R87/R$101 -> 0.35609022 | S88: =(Q88-R88)*100 -> 0.82310147 | U88: =U87/U$101 -> 0.29311789 | V88: =V87/V$101 -> 0.29594522 | W88: =(U88-V88)*100 -> -0.28273251
B89: VIVALIS | E89: =VIVALIS!B69 -> 13406362 | F89: =+'[2]Syn prin concurents'!$E$89 -> 13198038 | G89: =IF(F89=0,0,E89/F89-1) -> 0.015784517 | I89: =VIVALIS!B78 -> 6069761.1 | J89: =+'[2]Syn prin concurents'!$I$89 -> 6143621.4 | K89: =IF(J89=0,0,I89/J89-1) -> -0.012022264 | M89: =VIVALIS!$B$75-VIVALIS!$B$69 -> 0 | N89: ='[2]Syn prin concurents'!$M$89 -> 0 | O89: =IF(N89=0,0,M89/N89-1) -> 0 | Q89: =VIVALIS!$B$83 -> 0 | R89: ='[2]Syn prin concurents'!$Q$89 -> 0 | S89: =IF(R89=0,0,Q89/R89-1) -> 0 | U89: =Q89+M89+I89+E89 -> 19476124 | V89: =R89+N89+J89+F89 -> 19341659 | W89: =IF(V89=0,0,U89/V89-1) -> 0.0069520623 | Z89: =E91-'Syn prin concurents'!E89 -> 3878364.5 | AA89: =+Z89+AD89 -> 2467834.7 | AD89: =I91-'Syn prin concurents'!I89 -> -1410529.8 | AG89: =M91-'Syn prin concurents'!M89 -> 4745.136 | AI89: =Q91-'Syn prin concurents'!Q89 -> 0 | AL89: =U91-'Syn prin concurents'!U89 -> 2472579.8
B90: Part de marché | E90: =E89/E$101 -> 0.20912753 | F90: =F89/F$101 -> 0.21970302 | G90: =(E90-F90)*100 -> -1.0575488 | I90: =I89/I$101 -> 0.19768404 | J90: =J89/J$101 -> 0.20020992 | K90: =(I90-J90)*100 -> -0.25258865 | M90: =M89/M$101 -> 0 | N90: =N89/N$101 -> 0 | O90: =(M90-N90)*100 -> 0 | Q90: =Q89/Q$101 -> 0 | R90: =R89/R$101 -> 0 | S90: =(Q90-R90)*100 -> 0 | U90: =U89/U$101 -> 0.20329154 | V90: =V89/V$101 -> 0.21096778 | W90: =(U90-V90)*100 -> -0.76762462
B91: SOFAC | E91: =SOFAC!B69 -> 17284727 | F91: =+'[2]Syn prin concurents'!$E$91 -> 15173070 | G91: =IF(F91=0,0,E91/F91-1) -> 0.1391714 | I91: =SOFAC!B78 -> 4659231.3 | J91: =+'[2]Syn prin concurents'!$I$91 -> 4483495.5 | K91: =IF(J91=0,0,I91/J91-1) -> 0.039196162 | M91: =SOFAC!B75-SOFAC!B69 -> 4745.136 | N91: ='[2]Syn prin concurents'!$M$91 -> 4886.2972 | O91: =IF(N91=0,0,M91/N91-1) -> -0.028889195 | Q91: =SOFAC!B83 -> 0 | R91: ='[2]Syn prin concurents'!$Q$91 -> 0 | S91: =IF(R91=0,0,Q91/R91-1) -> 0 | U91: =Q91+M91+I91+E91 -> 21948703 | V91: =R91+N91+J91+F91 -> 19661451 | W91: =IF(V91=0,0,U91/V91-1) -> 0.1163318 | Z91: =E89-'Syn prin concurents'!E91 -> -3878364.5 | AA91: =+Z91+AD91 -> -2467834.7 | AD91: =I89-'Syn prin concurents'!I91 -> 1410529.8 | AG91: =M89-'Syn prin concurents'!M91 -> -4745.136 | AI91: =Q89-'Syn prin concurents'!Q91 -> 0 | AL91: =U89-'Syn prin concurents'!U91 -> -2472579.8
B92: Part de marché | E92: =E91/E$101 -> 0.26962662 | F92: =F91/F$101 -> 0.25258067 | G92: =(E92-F92)*100 -> 1.7045957 | I92: =I91/I$101 -> 0.15174496 | J92: =J91/J$101 -> 0.14610931 | K92: =(I92-J92)*100 -> 0.56356473 | M92: =M91/M$101 -> 0.0069288506 | N92: =N91/N$101 -> 0.0081882064 | O92: =(M92-N92)*100 -> -0.12593559 | Q92: =Q91/Q$101 -> 0 | R92: =R91/R$101 -> 0 | S92: =(Q92-R92)*100 -> 0 | U92: =U91/U$101 -> 0.22910029 | V92: =V91/V$101 -> 0.21445589 | W92: =(U92-V92)*100 -> 1.46444
B93: EQDOM | E93: =EQDOM!$B$69 -> 6195648.5 | F93: =+'[2]Syn prin concurents'!$E$93 -> 5738752.1 | G93: =IF(F93=0,0,E93/F93-1) -> 0.07961599 | I93: =EQDOM!$B$78 -> 5581964.9 | J93: =+'[2]Syn prin concurents'!$I$93 -> 5630014.8 | K93: =IF(J93=0,0,I93/J93-1) -> -0.0085346056 | M93: =EQDOM!$B$75-EQDOM!$B$69 -> 6524.837 | N93: ='[2]Syn prin concurents'!$M$93 -> 6829.386 | O93: =IF(N93=0,0,M93/N93-1) -> -0.044593906 | Q93: =EQDOM!$B$83 -> 0 | R93: ='[2]Syn prin concurents'!$Q$93 -> 0 | S93: =IF(R93=0,0,Q93/R93-1) -> 0 | U93: =Q93+M93+I93+E93 -> 11784138 | V93: =R93+N93+J93+F93 -> 11375596 | W93: =IF(V93=0,0,U93/V93-1) -> 0.035913891
B94: Part de marché | E94: =E93/E$101 -> 0.096646699 | F94: =F93/F$101 -> 0.095530955 | G94: =(E94-F94)*100 -> 0.11157435 | I94: =I93/I$101 -> 0.18179716 | J94: =J93/J$101 -> 0.18347238 | K94: =(I94-J94)*100 -> -0.16752183 | M94: =M93/M$101 -> 0.0095275711 | N94: =N93/N$101 -> 0.011444335 | O94: =(M94-N94)*100 -> -0.1916764 | Q94: =Q93/Q$101 -> 0 | R94: =R93/R$101 -> 0 | S94: =(Q94-R94)*100 -> 0 | U94: =U93/U$101 -> 0.12300269 | V94: =V93/V$101 -> 0.12407851 | W94: =(U94-V94)*100 -> -0.10758253
B95: RCI | E95: ='RCI '!$B$69 -> 7141121.7 | F95: =+'[2]Syn prin concurents'!$E$95 -> 6901756 | G95: =IF(F95=0,0,E95/F95-1) -> 0.034681866 | I95: ='RCI '!$B$78 -> 0 | J95: =+'[2]Syn prin concurents'!$I$95 -> 0 | K95: =IF(J95=0,0,I95/J95-1) -> 0 | M95: ='RCI '!$B$75-'RCI '!$B$69 -> 0 | N95: ='[2]Syn prin concurents'!$M$95 -> 0 | O95: =IF(N95=0,0,M95/N95-1) -> 0 | Q95: ='RCI '!$B$83 -> 0 | R95: ='[2]Syn prin concurents'!$Q$95 -> 0 | S95: =IF(R95=0,0,Q95/R95-1) -> 0 | U95: =Q95+M95+I95+E95 -> 7141121.7 | V95: =R95+N95+J95+F95 -> 6901756 | W95: =IF(V95=0,0,U95/V95-1) -> 0.034681866
B96: Part de marché | E96: =E95/E$101 -> 0.11139525 | F96: =F95/F$101 -> 0.11489106 | G96: =(E96-F96)*100 -> -0.3495811 | I96: =I95/I$101 -> 0 | J96: =J95/J$101 -> 0 | K96: =(I96-J96)*100 -> 0 | M96: =M95/M$101 -> 0 | N96: =N95/N$101 -> 0 | O96: =(M96-N96)*100 -> 0 | Q96: =Q95/Q$101 -> 0 | R96: =R95/R$101 -> 0 | S96: =(Q96-R96)*100 -> 0 | U96: =U95/U$101 -> 0.07453894 | V96: =V95/V$101 -> 0.075280417 | W96: =(U96-V96)*100 -> -0.074147607
B97: SALAFIN | E97: =SALAFIN!B69 -> 1760541.8 | F97: =+'[2]Syn prin concurents'!$E$97 -> 1745721.1 | G97: =IF(F97=0,0,E97/F97-1) -> 0.0084897438 | I97: =SALAFIN!B78 -> 1509366.3 | J97: =+'[2]Syn prin concurents'!$I$97 -> 1552322.6 | K97: =IF(J97=0,0,I97/J97-1) -> -0.027672249 | M97: =SALAFIN!$B$75-SALAFIN!$B$69 -> 0 | N97: ='[2]Syn prin concurents'!$M$97 -> 0 | O97: =IF(N97=0,0,M97/N97-1) -> 0 | Q97: =SALAFIN!$B$83 -> 196073.64 | R97: ='[2]Syn prin concurents'!$Q$97 -> 141378.78 | S97: =IF(R97=0,0,Q97/R97-1) -> 0.38686753 | U97: =Q97+M97+I97+E97 -> 3465981.8 | V97: =R97+N97+J97+F97 -> 3439422.5 | W97: =IF(V97=0,0,U97/V97-1) -> 0.0077220307
B98: Part de marché | E98: =E97/E$101 -> 0.027462913 | F98: =F97/F$101 -> 0.029060395 | G98: =(E98-F98)*100 -> -0.15974824 | I98: =I97/I$101 -> 0.049158052 | J98: =J97/J$101 -> 0.050587491 | K98: =(I98-J98)*100 -> -0.1429439 | M98: =M97/M$101 -> 0 | N98: =N97/N$101 -> 0 | O98: =(M98-N98)*100 -> 0 | Q98: =Q97/Q$101 -> 0.63545705 | R98: =R97/R$101 -> 0.4339311 | S98: =(Q98-R98)*100 -> 20.152594 | U98: =U97/U$101 -> 0.036177875 | V98: =V97/V$101 -> 0.037515258 | W98: =(U98-V98)*100 -> -0.13373829
B99: AXA | E99: ='AXA CREDIT'!$B$69 -> 20387.154 | F99: =+'[2]Syn prin concurents'!$E$99 -> 20387.154 | G99: =IF(F99=0,0,E99/F99-1) -> 0 | I99: ='AXA CREDIT'!$B$78 -> 2606188.1 | J99: =+'[2]Syn prin concurents'!$I$99 -> 2606188.1 | K99: =IF(J99=0,0,I99/J99-1) -> 0 | N99: ='[3]Syn prin concurents'!M99 -> 0 | O99: =IF(N99=0,0,M99/N99-1) -> 0 | Q99: ='AXA CREDIT'!$B$83 -> 68.413 | R99: ='[2]Syn prin concurents'!$Q$99 -> 68413 | S99: =IF(R99=0,0,Q99/R99-1) -> -0.999 | U99: =Q99+M99+I99+E99 -> 2626643.7 | V99: =U99 -> 2626643.7 | W99: =IF(V99=0,0,U99/V99-1) -> 0
B100: Part de marché | E100: =E99/E$101 -> 0.00031802177 | F100: =F99/F$101 -> 0.00033937767 | G100: =(E100-F100)*100 -> -0.0021355893 | I100: =I99/I$101 -> 0.084880076 | J100: =J99/J$101 -> 0.084931133 | K100: =(I100-J100)*100 -> -0.0051056699 | M100: =M99/M$101 -> 0 | N100: =N99/N$101 -> 0 | O100: =(M100-N100)*100 -> 0 | Q100: =Q99/Q$101 -> 0.00022172039 | R100: =R99/R$101 -> 0.20997868 | S100: =(Q100-R100)*100 -> -20.975696 | U100: =U99/U$101 -> 0.027416874 | V100: =V99/V$101 -> 0.028649931 | W100: =(U100-V100)*100 -> -0.12330565
B101: Marché | D101: ='[4]global '!$E$11 -> 3701705 | E101: =GLOBAL!B69 -> 64106158 | F101: =+'[2]Syn prin concurents'!$E$101 -> 60072173 | G101: =IF(F101=0,0,E101/F101-1) -> 0.0671523 | I101: =GLOBAL!B78 -> 30704356 | J101: =+'[2]Syn prin concurents'!$I$101 -> 30685898 | K101: =IF(J101=0,0,I101/J101-1) -> 0.00060151571 | M101: =GLOBAL!B75-GLOBAL!B69 -> 684837.39 | N101: ='[2]Syn prin concurents'!$M$101 -> 596748.17 | O101: =IF(N101=0,0,M101/N101-1) -> 0.14761542 | Q101: =GLOBAL!B83 -> 308555.29 | R101: ='[2]Syn prin concurents'!$Q$101 -> 325809.27 | S101: =IF(R101=0,0,Q101/R101-1) -> -0.052957299 | U101: =Q101+M101+I101+E101 -> 95803907 | V101: =R101+N101+J101+F101 -> 91680629 | W101: =IF(V101=0,0,U101/V101-1) -> 0.044974363
B103: CES/ Encours brut
E105: Vehicules | I105: Prêts personnels | M105: Equipement domestique (en MDH) | Q105: Revolving (en MDH) | U105: Global
E107: =E84 -> 46082 | F107: =F84 -> 45992 | G107: Evolution | I107: =E107 -> 46082 | J107: =F107 -> 45992 | K107: Evolution | M107: =I107 -> 46082 | N107: =J107 -> 45992 | O107: Evolution | Q107: =M107 -> 46082 | R107: =N107 -> 45992 | S107: Evolution | U107: =Q107 -> 46082 | V107: =R107 -> 45992 | W107: Evolution
B110: SALAFIN | E110: =IF(E97=0,0,E72/E97) -> 0.20767364 | F110: =IF(F97=0,0,F72/F97) -> 0.24182995 | G110: =(E110-F110)*100 -> -3.4156305 | I110: =IF(I97=0,0,I72/I97) -> 0.36442994 | J110: =IF(J97=0,0,J72/J97) -> 0.42553751 | K110: =(I110-J110)*100 -> -6.1107574 | M110: =IF(M97=0,0,M72/M97) -> 0 | N110: =IF(N97=0,0,N72/N97) -> 0 | O110: =(M110-N110)*100 -> 0 | Q110: =IF(Q97=0,0,Q72/Q97) -> 0.22614965 | R110: =IF(R97=0,0,R72/R97) -> 0.30803514 | S110: =(Q110-R110)*100 -> -8.1885492 | U110: =IF(U97=0,0,U72/U97) -> 0.2769831 | V110: =IF(V97=0,0,V72/V97) -> 0.3274645 | W110: =(U110-V110)*100 -> -5.0481398
B111: EQDOM | E111: =IF(E93=0,0,E66/E93) -> 0.14298522 | F111: =IF(F93=0,0,F66/F93) -> 0.14420261 | G111: =(E111-F111)*100 -> -0.12173898 | I111: =IF(I93=0,0,I66/I93) -> 0.16126285 | J111: =IF(J93=0,0,J66/J93) -> 0.16389077 | K111: =(I111-J111)*100 -> -0.2627918 | M111: =IF(M93=0,0,M66/M93) -> 0.76253139 | N111: =IF(N93=0,0,N66/N93) -> 0.7291676 | O111: =(M111-N111)*100 -> 3.3363786 | Q111: =IF(Q93=0,0,Q66/Q93) -> 0 | R111: =IF(R93=0,0,R66/R93) -> 0 | S111: =(Q111-R111)*100 -> 0 | U111: =IF(U93=0,0,U66/U93) -> 0.15198609 | V111: =IF(V93=0,0,V66/V93) -> 0.15429787 | W111: =(U111-V111)*100 -> -0.23117747
B112: AXA | E112: =IF(E99=0,0,E76/E99) -> 0.33928419 | F112: =IF(F99=0,0,F76/F99) -> 0.33928419 | G112: =(E112-F112)*100 -> 0 | I112: =IF(I99=0,0,I76/I99) -> 0.16850235 | J112: =IF(J99=0,0,J76/J99) -> 0.16850235 | K112: =(I112-J112)*100 -> 0 | M112: =IF(M99=0,0,M76/M99) -> 0 | N112: =IF(N99=0,0,N76/N99) -> 0 | O112: =(M112-N112)*100 -> 0 | Q112: =IF(Q99=0,0,Q76/Q99) -> 1 | R112: =IF(R99=0,0,R76/R99) -> 1 | S112: =(Q112-R112)*100 -> 0 | U112: =IF(U99=0,0,U76/U99) -> 0.16984956 | V112: =IF(V99=0,0,V76/V99) -> 0.16984956 | W112: =(U112-V112)*100 -> 0
B113: RCI | E113: =IF(E95=0,0,E74/E95) -> 0.12052688 | F113: =IF(F95=0,0,F74/F95) -> 0.12328517 | G113: =(E113-F113)*100 -> -0.27582854 | I113: =IF(I95=0,0,I74/I95) -> 0 | J113: =IF(J95=0,0,J74/J95) -> 0 | K113: =(I113-J113)*100 -> 0 | M113: =IF(M95=0,0,M74/M95) -> 0 | N113: =IF(N95=0,0,N74/N95) -> 0 | O113: =(M113-N113)*100 -> 0 | Q113: =IF(Q95=0,0,Q74/Q95) -> 0 | R113: =IF(R95=0,0,R74/R95) -> 0 | S113: =(Q113-R113)*100 -> 0 | U113: =IF(U95=0,0,U74/U95) -> 0.12052688 | V113: =IF(V95=0,0,V74/V95) -> 0.12328517 | W113: =(U113-V113)*100 -> -0.27582854
B114: WAFASALAF | E114: =IF(E87=0,0,E64/E87) -> 0.079569711 | F114: =IF(F87=0,0,F64/F87) -> 0.075499529 | G114: =(E114-F114)*100 -> 0.40701821 | I114: =IF(I87=0,0,I64/I87) -> 0.14255298 | J114: =IF(J87=0,0,J64/J87) -> 0.14176153 | K114: =(I114-J114)*100 -> 0.079144309 | M114: =IF(M87=0,0,M64/M87) -> 0.10157856 | N114: =IF(N87=0,0,N64/N87) -> 0.099998374 | O114: =(M114-N114)*100 -> 0.15801893 | Q114: =IF(Q87=0,0,Q64/Q87) -> 0.34146379 | R114: =IF(R87=0,0,R64/R87) -> 0.3501599 | S114: =(Q114-R114)*100 -> -0.8696112 | U114: =IF(U87=0,0,U64/U87) -> 0.1041468 | V114: =IF(V87=0,0,V64/V87) -> 0.10222368 | W114: =(U114-V114)*100 -> 0.1923119
B115: SOFAC | E115: =IF(E91=0,0,E70/E91) -> 0.094809038 | F115: =IF(F91=0,0,F70/F91) -> 0.096455075 | G115: =(E115-F115)*100 -> -0.16460376 | I115: =IF(I91=0,0,I70/I91) -> 0.16831287 | J115: =IF(J91=0,0,J70/J91) -> 0.16382523 | K115: =(I115-J115)*100 -> 0.44876382 | M115: =IF(M91=0,0,M70/M91) -> 0.067782696 | N115: =IF(N91=0,0,N70/N91) -> 0.050478506 | O115: =(M115-N115)*100 -> 1.730419 | Q115: =IF(Q91=0,0,Q70/Q91) -> 0 | R115: =IF(R91=0,0,R70/R91) -> 0 | S115: =(Q115-R115)*100 -> 0 | U115: =IF(U91=0,0,U70/U91) -> 0.11040646 | V115: =IF(V91=0,0,V70/V91) -> 0.11180639 | W115: =(U115-V115)*100 -> -0.13999342
B116: VIVALIS | E116: =IF(E89=0,0,E68/E89) -> 0.18723827 | F116: =IF(F89=0,0,F68/F89) -> 0.14270251 | G116: =(E116-F116)*100 -> 4.4535768 | I116: =IF(I89=0,0,I68/I89) -> 0.10433147 | J116: =IF(J89=0,0,J68/J89) -> 0.077302081 | K116: =(I116-J116)*100 -> 2.7029391 | M116: =IF(M89=0,0,M68/M89) -> 0 | N116: =IF(N89=0,0,N68/N89) -> 0 | O116: =(M116-N116)*100 -> 0 | Q116: =IF(Q89=0,0,Q68/Q89) -> 0 | R116: =IF(R89=0,0,R68/R89) -> 0 | S116: =(Q116-R116)*100 -> 0 | U116: =IF(U89=0,0,U68/U89) -> 0.16140025 | V116: =IF(V89=0,0,V68/V89) -> 0.12192893 | W116: =(U116-V116)*100 -> 3.9471325
B117: Marché | D117: ='[4]global '!$E$11 -> 3701705 | E117: =IF(E101=0,0,E78/E101) -> 0.12020837 | F117: =IF(F101=0,0,F78/F101) -> 0.1122127 | G117: =(E117-F117)*100 -> 0.79956723 | I117: =IF(I101=0,0,I78/I101) -> 0.15534762 | J117: =IF(J101=0,0,J78/J101) -> 0.15270364 | K117: =(I117-J117)*100 -> 0.26439791 | M117: =IF(M101=0,0,M78/M101) -> 0.10764167 | N117: =IF(N101=0,0,N78/N101) -> 0.10679332 | O117: =(M117-N117)*100 -> 0.084835329 | Q117: =IF(Q101=0,0,Q78/Q101) -> 0.26833262 | R117: =IF(R101=0,0,R78/R101) -> 0.46833322 | S117: =(Q117-R117)*100 -> -20.000061 | U117: =IF(U101=0,0,U78/U101) -> 0.13185744 | V117: =IF(V101=0,0,V78/V101) -> 0.12699548 | W117: =(U117-V117)*100 -> 0.48619651

Sheet Syn prin concurents par catégor
A2: =C13 -> 46082
A9: Production nette
C11: Auto Classiques (En MDH) | G11: LOA (en MDH) | K11: Fonctionnaires (en MDH) | O11: Retraités (en MDH) | S11: Conventions (en MDH) | W11: Bancaires (en MDH) | AA11: Equipement domestique (en MDH) | AE11: Revolving (en MDH) | AI11: Global (en MDH)
C13: 46082 | D13: =C13-360 -> 45722 | E13: Evolution | G13: =C13 -> 46082 | H13: =G13-360 -> 45722 | I13: Evolution | K13: =G13 -> 46082 | L13: =H13 -> 45722 | M13: Evolution | O13: =K13 -> 46082 | P13: =L13 -> 45722 | Q13: Evolution | S13: =O13 -> 46082 | T13: =P13 -> 45722 | U13: Evolution | W13: =S13 -> 46082 | X13: =T13 -> 45722 | Y13: Evolution | AA13: =K13 -> 46082 | AB13: =L13 -> 45722 | AC13: Evolution | AE13: =AA13 -> 46082 | AF13: =AB13 -> 45722 | AG13: Evolution | AI13: =AE13 -> 46082 | AJ13: =AF13 -> 45722 | AK13: Evolution | AL13: AUTO | AN13: PP | AP13: EDM | AR13: REVOLVING | AT13: GLOBAL
A16: WAFASALAF | C16: =WAFASALAF!$B$12 -> 459172.33 | D16: =WAFASALAF!$C$12 -> 467803.11 | E16: =IF(D16=0,0,C16/D16-1) -> -0.018449601 | G16: =WAFASALAF!$B$13 -> 951200.32 | H16: =WAFASALAF!$C$13 -> 926717.4 | I16: =IF(H16=0,0,G16/H16-1) -> 0.026418976 | K16: =WAFASALAF!$B$24 -> 270125.24 | L16: =WAFASALAF!$C$24 -> 365425.54 | M16: =IF(L16=0,0,K16/L16-1) -> -0.26079267 | O16: =WAFASALAF!$B$25 -> 62934.633 | P16: =WAFASALAF!$C$25 -> 69721.446 | Q16: =IF(P16=0,0,O16/P16-1) -> -0.097341828 | S16: =WAFASALAF!$B$26 -> 22798.366 | T16: =WAFASALAF!$C$26 -> 27255.566 | U16: =IF(T16=0,0,S16/T16-1) -> -0.16353357 | W16: =WAFASALAF!$B$27 -> 306527.53 | X16: =WAFASALAF!$C$27 -> 254191.85 | Y16: =IF(X16=0,0,W16/X16-1) -> 0.2058905 | AA16: =WAFASALAF!$B$18 -> 259295.34 | AB16: =WAFASALAF!$C$18 -> 162726.73 | AC16: =IF(AB16=0,0,AA16/AB16-1) -> 0.59344032 | AE16: =WAFASALAF!$B$28 -> 4779.046 | AF16: =WAFASALAF!$C$28 -> 5315.21 | AG16: =IF(AF16=0,0,AE16/AF16-1) -> -0.10087353 | AI16: =AE16+AA16+K16+G16+C16+O16+S16+W16 -> 2336832.8 | AJ16: =AF16+AB16+L16+H16+D16+P16+T16+X16 -> 2279156.9 | AK16: =IF(AJ16=0,0,AI16/AJ16-1) -> 0.02530583 | AL16: =C16+G16-'Syn prin concurents'!E18 -> 0 | AM16: =D16+H16-'Syn prin concurents'!F18 -> 0 | AN16: =K16+O16+S16+W16-'Syn prin concurents'!I18 -> 0 | AO16: =L16+P16+T16+X16-'Syn prin concurents'!J18 -> 0 | AP16: =AA16-'Syn prin concurents'!M18 -> 0 | AQ16: =AB16-'Syn prin concurents'!N18 -> 0 | AR16: =AE16-'Syn prin concurents'!Q18 -> 0 | AS16: =AF16-'Syn prin concurents'!R18 -> 0 | AT16: =AI16-'Syn prin concurents'!U18 -> 0 | AU16: =AJ16-'Syn prin concurents'!V18 -> 0
A17: Part de marché | C17: =C16/C$30 -> 0.13308895 | D17: =D16/D$30 -> 0.14882279 | E17: =(C17-D17)*100 -> -1.5733844 | G17: =G16/G$30 -> 0.27109255 | H17: =H16/H$30 -> 0.28130835 | I17: =(G17-H17)*100 -> -1.0215802 | K17: =K16/K$30 -> 0.36148922 | L17: =L16/L$30 -> 0.31891332 | M17: =(K17-L17)*100 -> 4.2575906 | O17: =O16/O$30 -> 0.3243048 | P17: =P16/P$30 -> 0.32513034 | Q17: =(O17-P17)*100 -> -0.082554191 | S17: =S16/S$30 -> 0.46577672 | T17: =T16/T$30 -> 0.41623746 | U17: =(S17-T17)*100 -> 4.9539259 | W17: =W16/W$30 -> 0.38328078 | X17: =X16/X$30 -> 0.39359691 | Y17: =(W17-X17)*100 -> -1.0316132 | AA17: =AA16/AA$30 -> 0.99495651 | AB17: =AB16/AB$30 -> 0.98184502 | AC17: =(AA17-AB17)*100 -> 1.3111489 | AE17: =AE16/AE$30 -> 0.79358885 | AF17: =AF16/AF$30 -> 0.89505428 | AG17: =(AE17-AF17)*100 -> -10.146543 | AI17: =AI16/AI$30 -> 0.25920099 | AJ17: =AJ16/AJ$30 -> 0.26254759 | AK17: =(AI17-AJ17)*100 -> -0.33466073 | AL17: =C17+G17-'Syn prin concurents'!E19 -> 0.2015092 | AM17: =D17+H17-'Syn prin concurents'!F19 -> 0.21352869 | AN17: =K17+O17+S17+W17-'Syn prin concurents'!I19 -> 1.1648058 | AO17: =L17+P17+T17+X17-'Syn prin concurents'!J19 -> 1.1079622 | AP17: =AA17-'Syn prin concurents'!M19 -> 0 | AQ17: =AB17-'Syn prin concurents'!N19 -> 0 | AR17: =AE17-'Syn prin concurents'!Q19 -> 0 | AS17: =AF17-'Syn prin concurents'!R19 -> 0 | AT17: =AI17-'Syn prin concurents'!U19 -> 0 | AU17: =AJ17-'Syn prin concurents'!V19 -> 1.4762112e-05
A18: SOFAC | C18: =SOFAC!$B$12 -> 1477587.7 | D18: =SOFAC!$C$12 -> 1209540.1 | E18: =IF(D18=0,0,C18/D18-1) -> 0.22161122 | G18: =SOFAC!$B$13 -> 1393341.4 | H18: =SOFAC!$C$13 -> 1165306.4 | I18: =IF(H18=0,0,G18/H18-1) -> 0.19568679 | K18: =SOFAC!$B$24 -> 69775.159 | L18: =SOFAC!$C$24 -> 94865.973 | M18: =IF(L18=0,0,K18/L18-1) -> -0.26448697 | O18: =SOFAC!$B$25 -> 56340.571 | P18: =SOFAC!$C$25 -> 58514.492 | Q18: =IF(P18=0,0,O18/P18-1) -> -0.037151835 | S18: =SOFAC!$B$26 -> 715.67446 | T18: =SOFAC!$C$26 -> 1396.0064 | U18: =IF(T18=0,0,S18/T18-1) -> -0.48734157 | W18: =SOFAC!$B$27 -> 301113.4 | X18: =SOFAC!$C$27 -> 211219.67 | Y18: =IF(X18=0,0,W18/X18-1) -> 0.42559358 | AA18: =SOFAC!$B$18 -> 1143.1023 | AB18: =SOFAC!$C$18 -> 2242.694 | AC18: =IF(AB18=0,0,AA18/AB18-1) -> -0.49029948 | AE18: =SOFAC!$B$28 -> 0 | AF18: =SOFAC!$C$28 -> 0 | AG18: =IF(AF18=0,0,AE18/AF18-1) -> 0 | AI18: =AE18+AA18+K18+G18+C18+O18+S18+W18 -> 3300017 | AJ18: =AF18+AB18+L18+H18+D18+P18+T18+X18 -> 2743085.2 | AK18: =IF(AJ18=0,0,AI18/AJ18-1) -> 0.20303116 | AL18: =C18+G18-'Syn prin concurents'!E16 -> 0 | AM18: =D18+H18-'Syn prin concurents'!F16 -> 0 | AN18: =K18+O18+S18+W18-'Syn prin concurents'!I16 -> 0 | AO18: =L18+P18+T18+X18-'Syn prin concurents'!J16 -> 0 | AP18: =AA18-'Syn prin concurents'!M16 -> 0 | AQ18: =AB18-'Syn prin concurents'!N16 -> 0 | AR18: =AE18-'Syn prin concurents'!Q16 -> 0 | AS18: =AF18-'Syn prin concurents'!R16 -> 0 | AT18: =AI18-'Syn prin concurents'!U16 -> 0 | AU18: =AJ18-'Syn prin concurents'!V16 -> 0
A19: Part de marché | C19: =C18/C$30 -> 0.42827187 | D19: =D18/D$30 -> 0.3847925 | E19: =(C19-D19)*100 -> 4.3479374 | G19: =G18/G$30 -> 0.39710298 | H19: =H18/H$30 -> 0.35373288 | I19: =(G19-H19)*100 -> 4.3370097 | K19: =K18/K$30 -> 0.093375086 | L19: =L18/L$30 -> 0.082791207 | M19: =(K19-L19)*100 -> 1.0583879 | O19: =O18/O$30 -> 0.29032532 | P19: =P18/P$30 -> 0.27286922 | Q19: =(O19-P19)*100 -> 1.7456101 | S19: =S18/S$30 -> 0.014621421 | T19: =T18/T$30 -> 0.021319321 | U19: =(S19-T19)*100 -> -0.66979004 | W19: =W18/W$30 -> 0.37651097 | X19: =X18/X$30 -> 0.32705773 | Y19: =(W19-X19)*100 -> 4.9453241 | AA19: =AA18/AA$30 -> 0.0043862611 | AB19: =AB18/AB$30 -> 0.013531753 | AC19: =(AA19-AB19)*100 -> -0.91454916 | AE19: =AE18/AE$30 -> 0 | AF19: =AF18/AF$30 -> 0 | AG19: =(AE19-AF19)*100 -> 0 | AI19: =AI18/AI$30 -> 0.36603717 | AJ19: =AJ18/AJ$30 -> 0.31598985 | AK19: =(AI19-AJ19)*100 -> 5.0047321 | AL19: =C19+G19-'Syn prin concurents'!E17 -> 0.41281877 | AM19: =D19+H19-'Syn prin concurents'!F17 -> 0.36965481 | AN19: =K19+O19+S19+W19-'Syn prin concurents'!I17 -> 0.5357589 | AO19: =L19+P19+T19+X19-'Syn prin concurents'!J17 -> 0.52736312 | AP19: =AA19-'Syn prin concurents'!M17 -> 0 | AQ19: =AB19-'Syn prin concurents'!N17 -> 0 | AR19: =AE19-'Syn prin concurents'!Q17 -> 0 | AS19: =AF19-'Syn prin concurents'!R17 -> 0 | AT19: =AI19-'Syn prin concurents'!U17 -> 0 | AU19: =AJ19-'Syn prin concurents'!V17 -> 1.7766979e-05
A20: VIVALIS | C20: =VIVALIS!$B$12 -> 346945.91 | D20: =VIVALIS!$C$12 -> 544967.06 | E20: =IF(D20=0,0,C20/D20-1) -> -0.36336352 | G20: =VIVALIS!$B$13 -> 434119.87 | H20: =VIVALIS!$C$13 -> 489315.15 | I20: =IF(H20=0,0,G20/H20-1) -> -0.11280108 | K20: =VIVALIS!$B$24 -> 143947.89 | L20: =VIVALIS!$C$24 -> 254226.12 | M20: =IF(L20=0,0,K20/L20-1) -> -0.43378011 | O20: =VIVALIS!$B$25 -> 19747.401 | P20: =VIVALIS!$C$25 -> 30875.489 | Q20: =IF(P20=0,0,O20/P20-1) -> -0.36041819 | S20: =VIVALIS!$B$26 -> 5430.184 | T20: =VIVALIS!$C$26 -> 7455.521 | U20: =IF(T20=0,0,S20/T20-1) -> -0.271656 | W20: =VIVALIS!$B$27 -> 43532.018 | X20: =VIVALIS!$C$27 -> 32203.895 | Y20: =IF(X20=0,0,W20/X20-1) -> 0.35176251 | AA20: =VIVALIS!$B$18 -> 0 | AB20: =VIVALIS!$C$18 -> 0 | AC20: =IF(AB20=0,0,AA20/AB20-1) -> 0 | AE20: =VIVALIS!$B$28 -> 0 | AF20: =VIVALIS!$C$28 -> 0 | AG20: =IF(AF20=0,0,AE20/AF20-1) -> 0 | AI20: =AE20+AA20+K20+G20+C20+O20+S20+W20 -> 993723.27 | AJ20: =AF20+AB20+L20+H20+D20+P20+T20+X20 -> 1359043.2 | AK20: =IF(AJ20=0,0,AI20/AJ20-1) -> -0.26880673 | AL20: =C20+G20-'Syn prin concurents'!E20 -> 0 | AM20: =D20+H20-'Syn prin concurents'!F20 -> 0.001 | AN20: =K20+O20+S20+W20-'Syn prin concurents'!I20 -> 0 | AO20: =L20+P20+T20+X20-'Syn prin concurents'!J20 -> 0 | AP20: =AA20-'Syn prin concurents'!M20 -> 0 | AQ20: =AB20-'Syn prin concurents'!N20 -> 0 | AR20: =AE20-'Syn prin concurents'!Q20 -> 0 | AS20: =AF20-'Syn prin concurents'!R20 -> 0 | AT20: =AI20-'Syn prin concurents'!U20 -> 0 | AU20: =AJ20-'Syn prin concurents'!V20 -> 0.0010000002
A21: Part de marché | C21: =C20/C$30 -> 0.10056065 | D21: =D20/D$30 -> 0.17337106 | E21: =(C21-D21)*100 -> -7.2810409 | G21: =G20/G$30 -> 0.12372437 | H21: =H20/H$30 -> 0.14853335 | I21: =(G21-H21)*100 -> -2.4808977 | K21: =K20/K$30 -> 0.19263512 | L21: =L20/L$30 -> 0.22186762 | M21: =(K21-L21)*100 -> -2.9232495 | O21: =O20/O$30 -> 0.10175918 | P21: =P20/P$30 -> 0.14398093 | Q21: =(O21-P21)*100 -> -4.2221741 | S21: =S20/S$30 -> 0.11094011 | T21: =T20/T$30 -> 0.11385811 | U21: =(S21-T21)*100 -> -0.29179937 | W21: =W20/W$30 -> 0.054432259 | X21: =X20/X$30 -> 0.049865304 | Y21: =(W21-X21)*100 -> 0.45669546 | AA21: =AA20/AA$30 -> 0 | AB21: =AB20/AB$30 -> 0 | AC21: =(AA21-AB21)*100 -> 0 | AE21: =AE20/AE$30 -> 0 | AF21: =AF20/AF$30 -> 0 | AG21: =(AE21-AF21)*100 -> 0 | AI21: =AI20/AI$30 -> 0.11022357 | AJ21: =AJ20/AJ$30 -> 0.15655506 | AK21: =(AI21-AJ21)*100 -> -4.6331488 | AL21: =C21+G21-'Syn prin concurents'!E21 -> 0.1120449 | AM21: =D21+H21-'Syn prin concurents'!F21 -> 0.16125559 | AN21: =K21+O21+S21+W21-'Syn prin concurents'!I21 -> 0.34096431 | AO21: =L21+P21+T21+X21-'Syn prin concurents'!J21 -> 0.37280268 | AP21: =AA21-'Syn prin concurents'!M21 -> 0 | AQ21: =AB21-'Syn prin concurents'!N21 -> 0 | AR21: =AE21-'Syn prin concurents'!Q21 -> 0 | AS21: =AF21-'Syn prin concurents'!R21 -> 0 | AT21: =AI21-'Syn prin concurents'!U21 -> 0 | AU21: =AJ21-'Syn prin concurents'!V21 -> 8.802646e-06
A22: EQDOM | C22: =EQDOM!$B$12 -> 234377.66 | D22: =EQDOM!$C$12 -> 168230.65 | E22: =IF(D22=0,0,C22/D22-1) -> 0.39319239 | G22: =EQDOM!$B$13+EQDOM!$B$17 -> 420953.54 | H22: =EQDOM!$C$13+EQDOM!$C$17 -> 375553.52 | I22: =IF(H22=0,0,G22/H22-1) -> 0.12088829 | K22: =EQDOM!$B$24 -> 163497.44 | L22: =EQDOM!$C$24 -> 263771.01 | M22: =IF(L22=0,0,K22/L22-1) -> -0.38015388 | O22: =EQDOM!$B$25 -> 44914.985 | P22: =EQDOM!$C$25 -> 40598.084 | Q22: =IF(P22=0,0,O22/P22-1) -> 0.10633263 | S22: =EQDOM!$B$26 -> 17339.942 | T22: =EQDOM!$C$26 -> 24016.77 | U22: =IF(T22=0,0,S22/T22-1) -> -0.27800691 | W22: =EQDOM!$B$27 -> 59055.856 | X22: =EQDOM!$C$27 -> 47059.323 | Y22: =IF(X22=0,0,W22/X22-1) -> 0.25492362 | AA22: =EQDOM!$B$18 -> 171.281 | AB22: =EQDOM!$C$18 -> 766.234 | AC22: =IF(AB22=0,0,AA22/AB22-1) -> -0.77646385 | AE22: =EQDOM!$B$28 -> 0 | AF22: =EQDOM!$C$28 -> 0 | AG22: =IF(AF22=0,0,AE22/AF22-1) -> 0 | AI22: =AE22+AA22+K22+G22+C22+O22+S22+W22 -> 940310.71 | AJ22: =AF22+AB22+L22+H22+D22+P22+T22+X22 -> 919995.59 | AK22: =IF(AJ22=0,0,AI22/AJ22-1) -> 0.022081751 | AL22: =C22+G22-'Syn prin concurents'!E22 -> 0 | AM22: =D22+H22-'Syn prin concurents'!F22 -> 0.001 | AN22: =K22+O22+S22+W22-'Syn prin concurents'!I22 -> 0 | AO22: =L22+P22+T22+X22-'Syn prin concurents'!J22 -> 0 | AP22: =AA22-'Syn prin concurents'!M22 -> 0 | AQ22: =AB22-'Syn prin concurents'!N22 -> 0 | AR22: =AE22-'Syn prin concurents'!Q22 -> 0 | AS22: =AF22-'Syn prin concurents'!R22 -> 0 | AT22: =AI22-'Syn prin concurents'!U22 -> 0 | AU22: =AJ22-'Syn prin concurents'!V22 -> 0.001
A23: Part de marché | C23: =C22/C$30 -> 0.067933267 | D23: =D22/D$30 -> 0.053519428 | E23: =(C23-D23)*100 -> 1.4413839 | G23: =G22/G$30 -> 0.11997196 | H23: =H22/H$30 -> 0.1140006 | I23: =(G23-H23)*100 -> 0.59713598 | K23: =K22/K$30 -> 0.21879688 | L23: =L22/L$30 -> 0.23019761 | M23: =(K23-L23)*100 -> -1.1400729 | O23: =O22/O$30 -> 0.2314488 | P23: =P22/P$30 -> 0.18932007 | Q23: =(O23-P23)*100 -> 4.2128731 | S23: =S22/S$30 -> 0.35425966 | T23: =T22/T$30 -> 0.3667757 | U23: =(S23-T23)*100 -> -1.2516046 | W23: =W22/W$30 -> 0.073843203 | X23: =X22/X$30 -> 0.072867815 | Y23: =(W23-X23)*100 -> 0.097538803 | AA23: =AA22/AA$30 -> 0.00065723181 | AB23: =AB22/AB$30 -> 0.0046232295 | AC23: =(AA23-AB23)*100 -> -0.39659977 | AE23: =AE22/AE$30 -> 0 | AF23: =AF22/AF$30 -> 0 | AG23: =(AE23-AF23)*100 -> 0 | AI23: =AI22/AI$30 -> 0.10429906 | AJ23: =AJ22/AJ$30 -> 0.10597894 | AK23: =(AI23-AJ23)*100 -> -0.16798819 | AL23: =C23+G23-'Syn prin concurents'!E23 -> 0.093733323 | AM23: =D23+H23-'Syn prin concurents'!F23 -> 0.083057318 | AN23: =K23+O23+S23+W23-'Syn prin concurents'!I23 -> 0.71923874 | AO23: =L23+P23+T23+X23-'Syn prin concurents'!J23 -> 0.67792557 | AP23: =AA23-'Syn prin concurents'!M23 -> 0 | AQ23: =AB23-'Syn prin concurents'!N23 -> 0 | AR23: =AE23-'Syn prin concurents'!Q23 -> 0 | AS23: =AF23-'Syn prin concurents'!R23 -> 0 | AT23: =AI23-'Syn prin concurents'!U23 -> 0 | AU23: =AJ23-'Syn prin concurents'!V23 -> 5.9589319e-06
A24: RCI | C24: ='RCI '!$B$12 -> 669033.28 | D24: ='RCI '!$C$12 -> 524957.67 | E24: =IF(D24=0,0,C24/D24-1) -> 0.27445188 | G24: ='RCI '!$B$13 -> 209701.78 | H24: ='RCI '!$C$13+'RCI '!$C$17 -> 251180.28 | I24: =IF(H24=0,0,G24/H24-1) -> -0.1651344 | K24: ='RCI '!$B$24 -> 0 | L24: ='RCI '!$C$24 -> 0 | M24: =IF(L24=0,0,K24/L24-1) -> 0 | O24: ='RCI '!$B$25 -> 0 | P24: ='RCI '!$C$25 -> 0 | Q24: =IF(P24=0,0,O24/P24-1) -> 0 | S24: ='RCI '!$B$26 -> 0 | T24: ='RCI '!$C$26 -> 0 | U24: =IF(T24=0,0,S24/T24-1) -> 0 | W24: ='RCI '!$B$27 -> 0 | X24: ='RCI '!$C$27 -> 0 | Y24: =IF(X24=0,0,W24/X24-1) -> 0 | AA24: ='RCI '!$B$18 -> 0 | AB24: ='RCI '!$C$18 -> 0 | AC24: =IF(AB24=0,0,AA24/AB24-1) -> 0 | AE24: ='RCI '!$B$28 -> 0 | AF24: ='RCI '!$C$28 -> 0 | AG24: =IF(AF24=0,0,AE24/AF24-1) -> 0 | AI24: =AE24+AA24+K24+G24+C24+O24+S24+W24 -> 878735.06 | AJ24: =AF24+AB24+L24+H24+D24+P24+T24+X24 -> 776137.95 | AK24: =IF(AJ24=0,0,AI24/AJ24-1) -> 0.13218927 | AL24: =C24+G24-'Syn prin concurents'!E24 -> 0 | AM24: =D24+H24-'Syn prin concurents'!F24 -> 0 | AN24: =K24+O24+S24+W24-'Syn prin concurents'!I24 -> 0 | AO24: =L24+P24+T24+X24-'Syn prin concurents'!J24 -> 0 | AP24: =AA24-'Syn prin concurents'!M24 -> 0 | AQ24: =AB24-'Syn prin concurents'!N24 -> 0 | AR24: =AE24-'Syn prin concurents'!Q24 -> 0 | AS24: =AF24-'Syn prin concurents'!R24 -> 0 | AT24: =AI24-'Syn prin concurents'!U24 -> 0 | AU24: =AJ24-'Syn prin concurents'!V24 -> 0
A25: Part de marché | C25: =C24/C$30 -> 0.19391616 | D25: =D24/D$30 -> 0.16700544 | E25: =(C25-D25)*100 -> 2.691072 | G25: =G24/G$30 -> 0.059765109 | H25: =H24/H$30 -> 0.076246667 | I25: =(G25-H25)*100 -> -1.6481558 | K25: =K24/K$30 -> 0 | L25: =L24/L$30 -> 0 | M25: =(K25-L25)*100 -> 0 | O25: =O24/O$30 -> 0 | P25: =P24/P$30 -> 0 | Q25: =(O25-P25)*100 -> 0 | S25: =S24/S$30 -> 0 | T25: =T24/T$30 -> 0 | U25: =(S25-T25)*100 -> 0 | W25: =W24/W$30 -> 0 | X25: =X24/X$30 -> 0 | Y25: =(W25-X25)*100 -> 0 | AA25: =AA24/AA$30 -> 0 | AB25: =AB24/AB$30 -> 0 | AC25: =(AA25-AB25)*100 -> 0 | AE25: =AE24/AE$30 -> 0 | AF25: =AF24/AF$30 -> 0 | AG25: =(AE25-AF25)*100 -> 0 | AI25: =AI24/AI$30 -> 0.097469101 | AJ25: =AJ24/AJ$30 -> 0.089407252 | AK25: =(AI25-AJ25)*100 -> 0.80618498 | AL25: =C25+G25-'Syn prin concurents'!E25 -> 0.12740595 | AM25: =D25+H25-'Syn prin concurents'!F25 -> 0.12269928 | AN25: =K25+O25+S25+W25-'Syn prin concurents'!I25 -> 0 | AO25: =L25+P25+T25+X25-'Syn prin concurents'!J25 -> 0 | AP25: =AA25-'Syn prin concurents'!M25 -> 0 | AQ25: =AB25-'Syn prin concurents'!N25 -> 0 | AR25: =AE25-'Syn prin concurents'!Q25 -> 0 | AS25: =AF25-'Syn prin concurents'!R25 -> 0 | AT25: =AI25-'Syn prin concurents'!U25 -> 0 | AU25: =AJ25-'Syn prin concurents'!V25 -> 5.02705e-06
A26: SALAFIN | C26: =SALAFIN!$B$12 -> 52268.239 | D26: =SALAFIN!$C$12 -> 57604.136 | E26: =IF(D26=0,0,C26/D26-1) -> -0.092630449 | G26: =SALAFIN!$B$13 -> 98756.197 | H26: =SALAFIN!$C$13 -> 84957.422 | I26: =IF(H26=0,0,G26/H26-1) -> 0.16241989 | K26: =SALAFIN!$B$24 -> 11933.124 | L26: =SALAFIN!$C$24 -> 19928.941 | M26: =IF(L26=0,0,K26/L26-1) -> -0.40121635 | O26: =SALAFIN!$B$25 -> 7658.141 | P26: =SALAFIN!$C$25 -> 9293.812 | Q26: =IF(P26=0,0,O26/P26-1) -> -0.17599571 | S26: =SALAFIN!$B$26 -> 1338.207 | T26: =SALAFIN!$C$26 -> 1699.52 | U26: =IF(T26=0,0,S26/T26-1) -> -0.21259709 | W26: =SALAFIN!$B$27 -> 79922.099 | X26: =SALAFIN!$C$27 -> 95290.704 | Y26: =IF(X26=0,0,W26/X26-1) -> -0.16128126 | AA26: =SALAFIN!$B$18 -> 0 | AB26: =SALAFIN!$C$18 -> 0 | AC26: =IF(AB26=0,0,AA26/AB26-1) -> 0 | AE26: =SALAFIN!$B$28 -> 1243.022 | AF26: =SALAFIN!$C$28 -> 623.212 | AG26: =IF(AF26=0,0,AE26/AF26-1) -> 0.99454118 | AI26: =AE26+AA26+K26+G26+C26+O26+S26+W26 -> 253119.03 | AJ26: =AF26+AB26+L26+H26+D26+P26+T26+X26 -> 269397.75 | AK26: =IF(AJ26=0,0,AI26/AJ26-1) -> -0.060426333 | AL26: =C26+G26-'Syn prin concurents'!E26 -> 0 | AM26: =D26+H26-'Syn prin concurents'!F26 -> 0 | AN26: =K26+O26+S26+W26-'Syn prin concurents'!I26 -> 0 | AO26: =L26+P26+T26+X26-'Syn prin concurents'!J26 -> 0 | AP26: =AA26-'Syn prin concurents'!M26 -> 0 | AQ26: =AB26-'Syn prin concurents'!N26 -> 0 | AR26: =AE26-'Syn prin concurents'!Q26 -> 0 | AS26: =AF26-'Syn prin concurents'!R26 -> 0 | AT26: =AI26-'Syn prin concurents'!U26 -> 0 | AU26: =AJ26-'Syn prin concurents'!V26 -> 0
A27: Part de marché | C27: =C26/C$30 -> 0.015149704 | D27: =D26/D$30 -> 0.018325676 | E27: =(C27-D27)*100 -> -0.31759721 | G27: =G26/G$30 -> 0.028145564 | H27: =H26/H$30 -> 0.025789127 | I27: =(G27-H27)*100 -> 0.2356437 | K27: =K26/K$30 -> 0.015969243 | L27: =L26/L$30 -> 0.017392338 | M27: =(K27-L27)*100 -> -0.1423095 | O27: =O26/O$30 -> 0.039462721 | P27: =P26/P$30 -> 0.04333961 | Q27: =(O27-P27)*100 -> -0.38768886 | S27: =S26/S$30 -> 0.027339927 | T27: =T26/T$30 -> 0.025954475 | U27: =(S27-T27)*100 -> 0.13854528 | W27: =W26/W$30 -> 0.099934268 | X27: =X26/X$30 -> 0.14755047 | Y27: =(W27-X27)*100 -> -4.7616205 | AA27: =AA26/AA$30 -> 0 | AB27: =AB26/AB$30 -> 0 | AC27: =(AA27-AB27)*100 -> 0 | AE27: =AE26/AE$30 -> 0.20641115 | AF27: =AF26/AF$30 -> 0.10494572 | AG27: =(AE27-AF27)*100 -> 10.146543 | AI27: =AI26/AI$30 -> 0.028075907 | AJ27: =AJ26/AJ$30 -> 0.031033287 | AK27: =(AI27-AJ27)*100 -> -0.295738 | AL27: =C27+G27-'Syn prin concurents'!E27 -> 0.021592869 | AM27: =D27+H27-'Syn prin concurents'!F27 -> 0.021971576 | AN27: =K27+O27+S27+W27-'Syn prin concurents'!I27 -> 0.12636483 | AO27: =L27+P27+T27+X27-'Syn prin concurents'!J27 -> 0.17331112 | AP27: =AA27-'Syn prin concurents'!M27 -> 0 | AQ27: =AB27-'Syn prin concurents'!N27 -> 0 | AR27: =AE27-'Syn prin concurents'!Q27 -> 0 | AS27: =AF27-'Syn prin concurents'!R27 -> 0 | AT27: =AI27-'Syn prin concurents'!U27 -> 0 | AU27: =AJ27-'Syn prin concurents'!V27 -> 1.7448908e-06
A28: AXA | C28: ='AXA CREDIT'!$B$12 -> 242.441 | D28: ='AXA CREDIT'!$C$12 -> 1251.827 | E28: =IF(D28=0,0,C28/D28-1) -> -0.80633027 | G28: ='AXA CREDIT'!$B$13 -> 692.855 | H28: ='AXA CREDIT'!$C$13 -> 1281.555 | I28: =IF(H28=0,0,G28/H28-1) -> -0.45936382 | K28: ='AXA CREDIT'!$B$24 -> 87976.161 | L28: ='AXA CREDIT'!$C$24 -> 142774.46 | M28: =IF(L28=0,0,K28/L28-1) -> -0.38381022 | O28: ='AXA CREDIT'!$B$25 -> 2459.383 | P28: ='AXA CREDIT'!$C$25 -> 4331.898 | Q28: =IF(P28=0,0,O28/P28-1) -> -0.43226202 | S28: ='AXA CREDIT'!$B$26 -> 1324.611 | T28: ='AXA CREDIT'!$C$26 -> 2462.654 | U28: =IF(T28=0,0,S28/T28-1) -> -0.46212054 | W28: ='AXA CREDIT'!$B$27 -> 1548.294 | X28: ='AXA CREDIT'!$C$27 -> 1479.944 | Y28: =IF(X28=0,0,W28/X28-1) -> 0.04618418 | AA28: ='AXA CREDIT'!$B$18 -> 0 | AB28: ='AXA CREDIT'!$C$18 -> 0 | AC28: =IF(AB28=0,0,AA28/AB28-1) -> 0 | AE28: ='AXA CREDIT'!$B$28 -> 0 | AF28: ='AXA CREDIT'!$C$28 -> 0 | AG28: =IF(AF28=0,0,AE28/AF28-1) -> 0 | AI28: =AE28+AA28+K28+G28+C28+O28+S28+W28 -> 94243.745 | AJ28: =AF28+AB28+L28+H28+D28+P28+T28+X28 -> 153582.33 | AK28: =IF(AJ28=0,0,AI28/AJ28-1) -> -0.38636338 | AL28: =C28+G28-'Syn prin concurents'!E28 -> 0 | AM28: =D28+H28-'Syn prin concurents'!F28 -> -488.127 | AN28: =K28+O28+S28+W28-'Syn prin concurents'!I28 -> 0 | AO28: =L28+P28+T28+X28-'Syn prin concurents'!J28 -> 0 | AP28: =AA28-'Syn prin concurents'!M28 -> 0 | AQ28: =AB28-'Syn prin concurents'!N28 -> 0 | AR28: =AE28-'Syn prin concurents'!Q28 -> 0 | AS28: =AF28-'Syn prin concurents'!R28 -> 0 | AT28: =AI28-'Syn prin concurents'!U28 -> 0 | AU28: =AJ28-'Syn prin concurents'!V28 -> -488.127
A29: Part de marché | C29: =C28/C$30 -> 7.0270388e-05 | D29: =D28/D$30 -> 0.0003982453 | E29: =(C29-D29)*100 -> -0.032797491 | G29: =G28/G$30 -> 0.00019746401 | H29: =H28/H$30 -> 0.00038902057 | I29: =(G29-H29)*100 -> -0.019155656 | K29: =K28/K$30 -> 0.11773218 | L29: =L28/L$30 -> 0.12460179 | M29: =(K29-L29)*100 -> -0.6869605 | O29: =O28/O$30 -> 0.012673304 | P29: =P28/P$30 -> 0.020200836 | Q29: =(O29-P29)*100 -> -0.75275321 | S29: =S28/S$30 -> 0.027062157 | T29: =T28/T$30 -> 0.03760879 | U29: =(S29-T29)*100 -> -1.0546632 | W29: =W28/W$30 -> 0.0019359805 | X29: =X28/X$30 -> 0.0022915817 | Y29: =(W29-X29)*100 -> -0.03556012 | AA29: =AA28/AA$30 -> 0 | AB29: =AB28/AB$30 -> 0 | AC29: =(AA29-AB29)*100 -> 0 | AE29: =AE28/AE$30 -> 0 | AF29: =AF28/AF$30 -> 0 | AG29: =(AE29-AF29)*100 -> 0 | AI29: =AI28/AI$30 -> 0.010453496 | AJ29: =AJ28/AJ$30 -> 0.017691925 | AK29: =(AI29-AJ29)*100 -> -0.72384294 | AL29: =C29+G29-'Syn prin concurents'!E29 -> 0.0001333312 | AM29: =D29+H29-'Syn prin concurents'!F29 -> 0.0003179531 | AN29: =K29+O29+S29+W29-'Syn prin concurents'!I29 -> 0.1072763 | AO29: =L29+P29+T29+X29-'Syn prin concurents'!J29 -> 0.11178835 | AP29: =AA29-'Syn prin concurents'!M29 -> 0 | AQ29: =AB29-'Syn prin concurents'!N29 -> 0 | AR29: =AE29-'Syn prin concurents'!Q29 -> 0 | AS29: =AF29-'Syn prin concurents'!R29 -> 0 | AT29: =AI29-'Syn prin concurents'!U29 -> 0 | AU29: =AJ29-'Syn prin concurents'!V29 -> -5.52319e-05
A30: Marché | C30: =GLOBAL!$B$12 -> 3450116.2 | D30: =GLOBAL!$C$12 -> 3143356.6 | E30: =IF(D30=0,0,C30/D30-1) -> 0.09758979 | G30: =GLOBAL!$B$13+GLOBAL!$B$17 -> 3508766 | H30: =GLOBAL!$C$13+GLOBAL!$C$17 -> 3294311.7 | I30: =IF(H30=0,0,G30/H30-1) -> 0.065098362 | K30: =GLOBAL!$B$24 -> 747256.7 | L30: =GLOBAL!$C$24 -> 1145846 | M30: =IF(L30=0,0,K30/L30-1) -> -0.3478559 | O30: =GLOBAL!$B$25 -> 194060.13 | P30: =GLOBAL!$C$25 -> 214441.52 | Q30: =IF(P30=0,0,O30/P30-1) -> -0.095044045 | S30: =GLOBAL!$B$26 -> 48946.984 | T30: =GLOBAL!$C$26 -> 65480.809 | U30: =IF(T30=0,0,S30/T30-1) -> -0.25249879 | W30: =GLOBAL!$B$27 -> 799746.68 | X30: =GLOBAL!$C$27 -> 645817.68 | Y30: =IF(X30=0,0,W30/X30-1) -> 0.23834745 | AA30: =GLOBAL!$B$18 -> 260609.72 | AB30: =GLOBAL!$C$18 -> 165735.66 | AC30: =IF(AB30=0,0,AA30/AB30-1) -> 0.57244204 | AE30: =GLOBAL!$B$28 -> 6022.068 | AF30: =GLOBAL!$C$28 -> 5938.422 | AG30: =IF(AF30=0,0,AE30/AF30-1) -> 0.01408556 | AI30: =AE30+AA30+K30+G30+C30+O30+S30+W30 -> 9015524.4 | AJ30: =AF30+AB30+L30+H30+D30+P30+T30+X30 -> 8680928.4 | AK30: =IF(AJ30=0,0,AI30/AJ30-1) -> 0.038543804 | AL30: =C30+G30-'Syn prin concurents'!E30 -> 0 | AM30: =D30+H30-'Syn prin concurents'!F30 -> -488.125 | AN30: =K30+O30+S30+W30-'Syn prin concurents'!I30 -> 0 | AO30: =L30+P30+T30+X30-'Syn prin concurents'!J30 -> 0 | AP30: =AA30-'Syn prin concurents'!M30 -> 0 | AQ30: =AB30-'Syn prin concurents'!N30 -> 0 | AR30: =AE30-'Syn prin concurents'!Q30 -> 0 | AS30: =AF30-'Syn prin concurents'!R30 -> 0 | AT30: =AI30-'Syn prin concurents'!U30 -> 0 | AU30: =AJ30-'Syn prin concurents'!V30 -> -488.125
A32: Encours sains
C34: Auto Classiques (En MDH) | G34: LOA (en MDH) | K34: Fonctionnaires (en MDH) | O34: Retraités (en MDH) | S34: Conventions (en MDH) | W34: Bancaires (en MDH) | AA34: Equipement domestique (en MDH) | AE34: Revolving (en MDH) | AI34: Global (en MDH)
C36: =C13 -> 46082 | D36: 45992 | E36: Evolution | G36: =G13 -> 46082 | H36: 45992 | I36: Evolution | K36: =K13 -> 46082 | L36: 45992 | M36: Evolution | O36: =O13 -> 46082 | P36: 45992 | Q36: Evolution | S36: =S13 -> 46082 | T36: 45992 | U36: Evolution | W36: =W13 -> 46082 | X36: 45992 | Y36: Evolution | AA36: =AA13 -> 46082 | AB36: 44896 | AC36: Evolution | AE36: =AE13 -> 46082 | AF36: 44896 | AG36: Evolution | AI36: =AE36 -> 46082 | AJ36: 45992 | AK36: Evolution
A39: WAFASALAF | C39: =WAFASALAF!$B$42 -> 3152663 | D39: =+'[2]Syn prin concurents par catégor'!$C$39 -> 3120697.2 | E39: =IF(D39=0,0,C39/D39-1) -> 0.010243146 | G39: =WAFASALAF!$B$43+WAFASALAF!$B$45 -> 12532089 | H39: ='[2]Syn prin concurents par catégor'!$G$39 -> 11843083 | I39: =IF(H39=0,0,G39/H39-1) -> 0.058177899 | K39: =WAFASALAF!$B$51 -> 4249913.7 | L39: ='[2]Syn prin concurents par catégor'!$K$39 -> 4256868.5 | M39: =IF(L39=0,0,K39/L39-1) -> -0.0016337824 | O39: =WAFASALAF!$B$52 -> 1001115.2 | P39: =+'[2]Syn prin concurents par catégor'!$O$39 -> 1052841.5 | Q39: =IF(P39=0,0,O39/P39-1) -> -0.049130209 | S39: =WAFASALAF!$B$53 -> 378918.56 | T39: =+'[2]Syn prin concurents par catégor'!$S$39 -> 403512.87 | U39: =IF(T39=0,0,S39/T39-1) -> -0.060950494 | W39: =WAFASALAF!$B$54 -> 3163331.1 | X39: =+'[2]Syn prin concurents par catégor'!$W$39 -> 3079939.5 | Y39: =IF(X39=0,0,W39/X39-1) -> 0.027075712 | AA39: =WAFASALAF!$B$48-WAFASALAF!$B$41 -> 605147.41 | AB39: ='[3]Syn prin concurents par catégor'!AA39 -> 404902.47 | AC39: =IF(AB39=0,0,AA39/AB39-1) -> 0.49455103 | AE39: =WAFASALAF!$B$55 -> 74028.192 | AF39: ='[3]Syn prin concurents par catégor'!AE39 -> 92905.176 | AG39: =IF(AF39=0,0,AE39/AF39-1) -> -0.20318549 | AI39: =AE39+AA39+K39+G39+C39+O39+S39+W39 -> 25157206 | AJ39: =AF39+AB39+L39+H39+D39+P39+T39+X39 -> 24254750 | AK39: =IF(AJ39=0,0,AI39/AJ39-1) -> 0.037207372 | AL39: =C39+G39-'Syn prin concurents'!E40 -> 0 | AM39: =D39+H39-'Syn prin concurents'!F40 -> 0 | AN39: =K39+O39+S39+W39-'Syn prin concurents'!I40 -> 0 | AO39: =L39+P39+T39+X39-'Syn prin concurents'!J40 -> 0 | AP39: =AA39-'Syn prin concurents'!M40 -> 0 | AQ39: =AB39-'Syn prin concurents'!N40 -> -121627.71 | AR39: =AE39-'Syn prin concurents'!Q40 -> 0 | AS39: =AF39-'Syn prin concurents'!R40 -> 17512.356 | AT39: =AI39-'Syn prin concurents'!U40 -> 0 | AU39: =AJ39-'Syn prin concurents'!V40 -> -104115.36
A40: Part de marché | C40: =C39/C$53 -> 0.15335336 | D40: =D39/D$53 -> 0.22771682 | E40: =(C40-D40)*100 -> -7.436346 | G40: =G39/G$53 -> 0.34964911 | H40: =H39/H$53 -> 0.5083435 | I40: =(G40-H40)*100 -> -15.869439 | K40: =K39/K$53 -> 0.28583595 | L40: =L39/L$53 -> 0.28276497 | M40: =(K40-L40)*100 -> 0.30709848 | O40: =O39/O$53 -> 0.28722568 | P40: =P39/P$53 -> 0.29298939 | Q40: =(O40-P40)*100 -> -0.57637046 | S40: =S39/S$53 -> 0.32914655 | T40: =T39/T$53 -> 0.34114147 | U40: =(S40-T40)*100 -> -1.1994923 | W40: =W39/W$53 -> 0.4920057 | X40: =X39/X$53 -> 0.49923391 | Y40: =(W40-X40)*100 -> -0.72282179 | AA40: =AA39/AA$53 -> 0.99022624 | AB40: =AB39/AB$53 -> 0.99256635 | AC40: =(AA40-AB40)*100 -> -0.23401097 | AE40: =AE39/AE$53 -> 0.32790682 | AF40: =AF39/AF$53 -> 0.53727981 | AG40: =(AE40-AF40)*100 -> -20.937299 | AI40: =AI39/AI$53 -> 0.30247406 | AJ40: =AJ39/AJ$53 -> 0.3814684 | AK40: =(AI40-AJ40)*100 -> -7.8994338 | AL40: =C40+G40-'Syn prin concurents'!E41 -> 0.22490434 | AM40: =D40+H40-'Syn prin concurents'!F41 -> 0.45547881 | AN40: =K40+O40+S40+W40-'Syn prin concurents'!I41 -> 1.0551568 | AO40: =L40+P40+T40+X40-'Syn prin concurents'!J41 -> 1.0779318 | AP40: =AA40-'Syn prin concurents'!M41 -> 0 | AQ40: =AB40-'Syn prin concurents'!N41 -> 0.0047408862 | AR40: =AE40-'Syn prin concurents'!Q41 -> 0 | AS40: =AF40-'Syn prin concurents'!R41 -> 0.10204159 | AT40: =AI40-'Syn prin concurents'!U41 -> 0 | AU40: =AJ40-'Syn prin concurents'!V41 -> 0.077125633
A41: SOFAC | C41: =SOFAC!B42 -> 5385317.6 | D41: =+'[2]Syn prin concurents par catégor'!$C$41 -> 4654577.5 | E41: =IF(D41=0,0,C41/D41-1) -> 0.15699387 | G41: =SOFAC!B43+SOFAC!B45 -> 10260661 | H41: ='[2]Syn prin concurents par catégor'!$G$41 -> 9054972.5 | I41: =IF(H41=0,0,G41/H41-1) -> 0.13315208 | K41: =SOFAC!B51 -> 984421.86 | L41: =+[5]V1!$B$51 -> 7.6116386e+08 | M41: =IF(L41=0,0,K41/L41-1) -> -0.99870669 | O41: =SOFAC!B52 -> 1047513.4 | P41: =+'[2]Syn prin concurents par catégor'!$O$41 -> 1061028.7 | Q41: =IF(P41=0,0,O41/P41-1) -> -0.012737863 | S41: =SOFAC!B53 -> 93372.044 | T41: =+'[2]Syn prin concurents par catégor'!$S$41 -> 82692.261 | U41: =IF(T41=0,0,S41/T41-1) -> 0.12915095 | W41: =SOFAC!B54 -> 1749715.4 | X41: =+'[2]Syn prin concurents par catégor'!$W$41 -> 1642920.5 | Y41: =IF(X41=0,0,W41/X41-1) -> 0.065003111 | AA41: =SOFAC!B48-SOFAC!B41 -> 4423.4979 | AB41: ='[3]Syn prin concurents par catégor'!AA41 -> 2991.1095 | AC41: =IF(AB41=0,0,AA41/AB41-1) -> 0.47888194 | AE41: =SOFAC!B55 -> 0 | AF41: ='[3]Syn prin concurents par catégor'!AE41 -> 0 | AG41: =IF(AF41=0,0,AE41/AF41-1) -> 0 | AI41: =AE41+AA41+K41+G41+C41+O41+S41+W41 -> 19525425 | AJ41: =AF41+AB41+L41+H41+D41+P41+T41+X41 -> 7.7766304e+08 | AK41: =IF(AJ41=0,0,AI41/AJ41-1) -> -0.97489218 | AL41: =C41+G41-'Syn prin concurents'!E42 -> 0 | AM41: =D41+H41-'Syn prin concurents'!F42 -> 0 | AN41: =K41+O41+S41+W41-'Syn prin concurents'!I42 -> 0 | AO41: =L41+P41+T41+X41-'Syn prin concurents'!J42 -> 7.6020151e+08 | AP41: =AA41-'Syn prin concurents'!M42 -> 0 | AQ41: =AB41-'Syn prin concurents'!N42 -> -1648.5347 | AR41: =AE41-'Syn prin concurents'!Q42 -> 0 | AS41: =AF41-'Syn prin concurents'!R42 -> 0 | AT41: =AI41-'Syn prin concurents'!U42 -> 0 | AU41: =AJ41-'Syn prin concurents'!V42 -> 7.6019987e+08
A42: Part de marché | C42: =C41/C$53 -> 0.26195522 | D42: =D41/D$53 -> 0.33964383 | E42: =(C42-D42)*100 -> -7.7688609 | G42: =G41/G$53 -> 0.28627558 | H42: =H41/H$53 -> 0.38866877 | I42: =(G42-H42)*100 -> -10.239318 | K42: =K41/K$53 -> 0.066209147 | L42: =L41/L$53 -> 50.560752 | M42: =(K42-L42)*100 -> -5049.4543 | O42: =O41/O$53 -> 0.3005376 | P42: =P41/P$53 -> 0.29526774 | Q42: =(O42-P42)*100 -> 0.52698585 | S42: =S41/S$53 -> 0.081107365 | T42: =T41/T$53 -> 0.069910433 | U42: =(S42-T42)*100 -> 1.1196932 | W42: =W41/W$53 -> 0.27214032 | X42: =X41/X$53 -> 0.26630445 | Y42: =(W42-X42)*100 -> 0.58358703 | AA42: =AA41/AA$53 -> 0.0072383416 | AB42: =AB41/AB$53 -> 0.0073323204 | AC42: =(AA42-AB42)*100 -> -0.0093978825 | AE42: =AE41/AE$53 -> 0 | AF42: =AF41/AF$53 -> 0 | AG42: =(AE42-AF42)*100 -> 0 | AI42: =AI41/AI$53 -> 0.23476115 | AJ42: =AJ41/AJ$53 -> 12.230754 | AK42: =(AI42-AJ42)*100 -> -1199.5992 | AL42: =C42+G42-'Syn prin concurents'!E43 -> 0.27082014 | AM42: =D42+H42-'Syn prin concurents'!F43 -> 0.4712488 | AN42: =K42+O42+S42+W42-'Syn prin concurents'!I43 -> 0.57057873 | AO42: =L42+P42+T42+X42-'Syn prin concurents'!J43 -> 51.048043 | AP42: =AA42-'Syn prin concurents'!M43 -> 0 | AQ42: =AB42-'Syn prin concurents'!N43 -> -0.0013721353 | AR42: =AE42-'Syn prin concurents'!Q43 -> 0 | AS42: =AF42-'Syn prin concurents'!R43 -> 0 | AT42: =AI42-'Syn prin concurents'!U43 -> 0 | AU42: =AJ42-'Syn prin concurents'!V43 -> 12.012566
A43: VIVALIS | C43: =VIVALIS!$B$42 -> 5328526.4 | D43: =+'[2]Syn prin concurents par catégor'!$C$43 -> 5851407.5 | E43: =IF(D43=0,0,C43/D43-1) -> -0.089359875 | G43: =VIVALIS!$B$43+VIVALIS!$B$45 -> 5567651.8 | H43: ='[2]Syn prin concurents par catégor'!$G$43 -> 5463237.3 | I43: =IF(H43=0,0,G43/H43-1) -> 0.01911222 | K43: =VIVALIS!$B$51 -> 4365936.8 | L43: ='[2]Syn prin concurents par catégor'!$K$43 -> 4527886.9 | M43: =IF(L43=0,0,K43/L43-1) -> -0.035767265 | O43: =VIVALIS!$B$52 -> 491278.58 | P43: =+'[2]Syn prin concurents par catégor'!$O$43 -> 520478.16 | Q43: =IF(P43=0,0,O43/P43-1) -> -0.056101442 | S43: =VIVALIS!$B$53 -> 87393.868 | T43: =+'[2]Syn prin concurents par catégor'!$S$43 -> 87380.483 | U43: =IF(T43=0,0,S43/T43-1) -> 0.00015318066 | W43: =VIVALIS!$B$54 -> 491884.8 | X43: =+'[2]Syn prin concurents par catégor'!$W$43 -> 532961.11 | Y43: =IF(X43=0,0,W43/X43-1) -> -0.077071875 | AA43: =VIVALIS!$B$48-VIVALIS!$B$41 -> 0 | AB43: ='[3]Syn prin concurents par catégor'!AA43 -> 0 | AC43: =IF(AB43=0,0,AA43/AB43-1) -> 0 | AE43: =VIVALIS!B55 -> 0 | AF43: ='[3]Syn prin concurents par catégor'!AE43 -> 0 | AG43: =IF(AF43=0,0,AE43/AF43-1) -> 0 | AI43: =AE43+AA43+K43+G43+C43+O43+S43+W43 -> 16332672 | AJ43: =AF43+AB43+L43+H43+D43+P43+T43+X43 -> 16983351 | AK43: =IF(AJ43=0,0,AI43/AJ43-1) -> -0.038312761 | AL43: =C43+G43-'Syn prin concurents'!E44 -> 0 | AM43: =D43+H43-'Syn prin concurents'!F44 -> 0 | AN43: =K43+O43+S43+W43-'Syn prin concurents'!I44 -> 0 | AO43: =L43+P43+T43+X43-'Syn prin concurents'!J44 -> 0 | AP43: =AA43-'Syn prin concurents'!M44 -> 0 | AQ43: =AB43-'Syn prin concurents'!N44 -> 0 | AR43: =AE43-'Syn prin concurents'!Q44 -> 0 | AS43: =AF43-'Syn prin concurents'!R44 -> 0 | AT43: =AI43-'Syn prin concurents'!U44 -> 0 | AU43: =AJ43-'Syn prin concurents'!V44 -> 0
A44: Part de marché | C44: =C43/C$53 -> 0.25919276 | D44: =D43/D$53 -> 0.42697634 | E44: =(C44-D44)*100 -> -16.778358 | G44: =G43/G$53 -> 0.15533919 | H44: =H43/H$53 -> 0.23449985 | I44: =(G44-H44)*100 -> -7.9160658 | K44: =K43/K$53 -> 0.2936393 | L44: =L43/L$53 -> 0.30076752 | M44: =(K44-L44)*100 -> -0.71282204 | O44: =O43/O$53 -> 0.14095064 | P44: =P43/P$53 -> 0.14484096 | Q44: =(O44-P44)*100 -> -0.38903213 | S44: =S43/S$53 -> 0.075914439 | T44: =T43/T$53 -> 0.073873992 | U44: =(S44-T44)*100 -> 0.2040447 | W44: =W43/W$53 -> 0.076504834 | X44: =X43/X$53 -> 0.086388793 | Y44: =(W44-X44)*100 -> -0.98839589 | AA44: =AA43/AA$53 -> 0 | AB44: =AB43/AB$53 -> 0 | AC44: =(AA44-AB44)*100 -> 0 | AE44: =AE43/AE$53 -> 0 | AF44: =AF43/AF$53 -> 0 | AG44: =(AE44-AF44)*100 -> 0 | AI44: =AI43/AI$53 -> 0.19637354 | AJ44: =AJ43/AJ$53 -> 0.26710693 | AK44: =(AI44-AJ44)*100 -> -7.0733383 | AL44: =C44+G44-'Syn prin concurents'!E45 -> 0.22133751 | AM44: =D44+H44-'Syn prin concurents'!F45 -> 0.44931857 | AN44: =K44+O44+S44+W44-'Syn prin concurents'!I45 -> 0.37738526 | AO44: =L44+P44+T44+X44-'Syn prin concurents'!J45 -> 0.3878445 | AP44: =AA44-'Syn prin concurents'!M45 -> 0 | AQ44: =AB44-'Syn prin concurents'!N45 -> 0 | AR44: =AE44-'Syn prin concurents'!Q45 -> 0 | AS44: =AF44-'Syn prin concurents'!R45 -> 0 | AT44: =AI44-'Syn prin concurents'!U45 -> 0 | AU44: =AJ44-'Syn prin concurents'!V45 -> 0.054914777
A45: EQDOM | C45: =EQDOM!$B$42 -> 1034633.9 | D45: =+'[2]Syn prin concurents par catégor'!$C$45 -> 947304.17 | E45: =IF(D45=0,0,C45/D45-1) -> 0.092187667 | G45: =EQDOM!$B$43+EQDOM!$B$45 -> 4275128.4 | H45: ='[2]Syn prin concurents par catégor'!$G$45 -> 3963904.9 | I45: =IF(H45=0,0,G45/H45-1) -> 0.078514379 | K45: =EQDOM!$B$51 -> 3126697.1 | L45: ='[2]Syn prin concurents par catégor'!$K$45 -> 3154839.3 | M45: =IF(L45=0,0,K45/L45-1) -> -0.0089203487 | O45: =EQDOM!$B$52 -> 717890.68 | P45: =+'[2]Syn prin concurents par catégor'!$O$45 -> 722572.29 | Q45: =IF(P45=0,0,O45/P45-1) -> -0.0064790971 | S45: =EQDOM!$B$53 -> 435200.37 | T45: =+'[2]Syn prin concurents par catégor'!$S$45 -> 450399.91 | U45: =IF(T45=0,0,S45/T45-1) -> -0.033746767 | W45: =EQDOM!$B$54 -> 402013.2 | X45: =+'[2]Syn prin concurents par catégor'!$W$45 -> 379495.84 | Y45: =IF(X45=0,0,W45/X45-1) -> 0.059334927 | AA45: =EQDOM!$B$48-EQDOM!$B$41 -> 1549.444 | AB45: ='[3]Syn prin concurents par catégor'!AA47 -> 0 | AC45: =IF(AB45=0,0,AA45/AB45-1) -> 0 | AE45: =EQDOM!$B$55 -> 0 | AF45: ='[3]Syn prin concurents par catégor'!AE47 -> 0 | AG45: =IF(AF45=0,0,AE45/AF45-1) -> 0 | AI45: =AE45+AA45+K45+G45+C45+O45+S45+W45 -> 9993113.1 | AJ45: =AF45+AB45+L45+H45+D45+P45+T45+X45 -> 9618516.4 | AK45: =IF(AJ45=0,0,AI45/AJ45-1) -> 0.038945369 | AL45: =C45+G45-'Syn prin concurents'!E46 -> 0 | AM45: =D45+H45-'Syn prin concurents'!F46 -> 0 | AN45: =K45+O45+S45+W45-'Syn prin concurents'!I46 -> 0 | AO45: =L45+P45+T45+X45-'Syn prin concurents'!J46 -> 0 | AP45: =AA45-'Syn prin concurents'!M46 -> 0 | AQ45: =AB45-'Syn prin concurents'!N46 -> -1849.619 | AR45: =AE45-'Syn prin concurents'!Q46 -> 0 | AS45: =AF45-'Syn prin concurents'!R46 -> 0 | AT45: =AI45-'Syn prin concurents'!U46 -> 0 | AU45: =AJ45-'Syn prin concurents'!V46 -> -1849.619
A46: Part de marché | C46: =C45/C$53 -> 0.050327164 | D46: =D45/D$53 -> 0.069124646 | E46: =(C46-D46)*100 -> -1.8797482 | G46: =G45/G$53 -> 0.11927739 | H46: =H45/H$53 -> 0.17014364 | I46: =(G46-H46)*100 -> -5.0866253 | K46: =K45/K$53 -> 0.2102919 | L46: =L45/L$53 -> 0.20956204 | M46: =(K46-L46)*100 -> 0.072986263 | O46: =O45/O$53 -> 0.20596694 | P46: =P45/P$53 -> 0.20108061 | Q46: =(O46-P46)*100 -> 0.48863378 | S46: =S45/S$53 -> 0.37803558 | T46: =T45/T$53 -> 0.38078113 | U46: =(S46-T46)*100 -> -0.27455503 | W46: =W45/W$53 -> 0.062526741 | X46: =X45/X$53 -> 0.061513284 | Y46: =(W46-X46)*100 -> 0.10134574 | AA46: =AA45/AA$53 -> 0.0025354155 | AB46: =AB45/AB$53 -> 0 | AC46: =(AA46-AB46)*100 -> 0.25354155 | AE46: =AE45/AE$53 -> 0 | AF46: =AF45/AF$53 -> 0 | AG46: =(AE46-AF46)*100 -> 0 | AI46: =AI45/AI$53 -> 0.12015076 | AJ46: =AJ45/AJ$53 -> 0.15127594 | AK46: =(AI46-AJ46)*100 -> -3.1125172 | AL46: =C46+G46-'Syn prin concurents'!E47 -> 0.075459936 | AM46: =D46+H46-'Syn prin concurents'!F47 -> 0.14717963 | AN46: =K46+O46+S46+W46-'Syn prin concurents'!I47 -> 0.67629716 | AO46: =L46+P46+T46+X46-'Syn prin concurents'!J47 -> 0.67188713 | AP46: =AA46-'Syn prin concurents'!M47 -> 0 | AQ46: =AB46-'Syn prin concurents'!N47 -> -0.0034700779 | AR46: =AE46-'Syn prin concurents'!Q47 -> 0 | AS46: =AF46-'Syn prin concurents'!R47 -> 0 | AT46: =AI46-'Syn prin concurents'!U47 -> 0 | AU46: =AJ46-'Syn prin concurents'!V47 -> 0.031077859
A47: RCI | C47: ='RCI '!$B$42 -> 4247236.5 | D47: =+'[2]Syn prin concurents par catégor'!$C$47 -> 4068048.4 | E47: =IF(D47=0,0,C47/D47-1) -> 0.044047668 | G47: ='RCI '!$B$43+'RCI '!$B$45 -> 2033188.1 | H47: ='[2]Syn prin concurents par catégor'!$G$47 -> 1982823.4 | I47: =IF(H47=0,0,G47/H47-1) -> 0.025400512 | K47: ='RCI '!$B$51 -> 0 | L47: ='[2]Syn prin concurents par catégor'!$K$47 -> 0 | M47: =IF(L47=0,0,K47/L47-1) -> 0 | O47: ='RCI '!$B$52 -> 0 | P47: =+'[2]Syn prin concurents par catégor'!$O$47 -> 0 | Q47: =IF(P47=0,0,O47/P47-1) -> 0 | S47: ='RCI '!$B$53 -> 0 | T47: =+'[2]Syn prin concurents par catégor'!$S$47 -> 0 | U47: =IF(T47=0,0,S47/T47-1) -> 0 | W47: ='RCI '!$B$54 -> 0 | X47: =+'[2]Syn prin concurents par catégor'!$W$47 -> 0 | Y47: =IF(X47=0,0,W47/X47-1) -> 0 | AA47: ='RCI '!$B$48-'RCI '!$B$41 -> 0 | AB47: ='[3]Syn prin concurents par catégor'!AA45 -> 41.33482 | AC47: =IF(AB47=0,0,AA47/AB47-1) -> -1 | AE47: ='RCI '!B55 -> 0 | AF47: ='[3]Syn prin concurents par catégor'!AE45 -> 0 | AG47: =IF(AF47=0,0,AE47/AF47-1) -> 0 | AI47: =AE47+AA47+K47+G47+C47+O47+S47+W47 -> 6280424.6 | AJ47: =AF47+AB47+L47+H47+D47+P47+T47+X47 -> 6050913.2 | AK47: =IF(AJ47=0,0,AI47/AJ47-1) -> 0.03793005 | AL47: =C47+G47-'Syn prin concurents'!E48 -> 0 | AM47: =D47+H47-'Syn prin concurents'!F48 -> 0 | AN47: =K47+O47+S47+W47-'Syn prin concurents'!I48 -> 0 | AO47: =L47+P47+T47+X47-'Syn prin concurents'!J48 -> 0 | AP47: =AA47-'Syn prin concurents'!M48 -> 0 | AQ47: =AB47-'Syn prin concurents'!N48 -> 41.33482 | AR47: =AE47-'Syn prin concurents'!Q48 -> 0 | AS47: =AF47-'Syn prin concurents'!R48 -> 0 | AT47: =AI47-'Syn prin concurents'!U48 -> 0 | AU47: =AJ47-'Syn prin concurents'!V48 -> 41.33482
A48: Part de marché | C48: =C47/C$53 -> 0.20659613 | D48: =D47/D$53 -> 0.2968449 | E48: =(C48-D48)*100 -> -9.0248765 | G48: =G47/G$53 -> 0.056726571 | H48: =H47/H$53 -> 0.085109206 | I48: =(G48-H48)*100 -> -2.8382635 | K48: =K47/K$53 -> 0 | L48: =L47/L$53 -> 0 | M48: =(K48-L48)*100 -> 0 | O48: =O47/O$53 -> 0 | P48: =P47/P$53 -> 0 | Q48: =(O48-P48)*100 -> 0 | S48: =S47/S$53 -> 0 | T48: =T47/T$53 -> 0 | U48: =(S48-T48)*100 -> 0 | W48: =W47/W$53 -> 0 | X48: =X47/X$53 -> 0 | Y48: =(W48-X48)*100 -> 0 | AA48: =AA47/AA$53 -> 0 | AB48: =AB47/AB$53 -> 0.000101327 | AC48: =(AA48-AB48)*100 -> -0.0101327 | AE48: =AE47/AE$53 -> 0 | AF48: =AF47/AF$53 -> 0 | AG48: =(AE48-AF48)*100 -> 0 | AI48: =AI47/AI$53 -> 0.075511785 | AJ48: =AJ47/AJ$53 -> 0.095166189 | AK48: =(AI48-AJ48)*100 -> -1.9654404 | AL48: =C48+G48-'Syn prin concurents'!E49 -> 0.15196778 | AM48: =D48+H48-'Syn prin concurents'!F49 -> 0.26849596 | AN48: =K48+O48+S48+W48-'Syn prin concurents'!I49 -> 0 | AO48: =L48+P48+T48+X48-'Syn prin concurents'!J49 -> 0 | AP48: =AA48-'Syn prin concurents'!M49 -> 0 | AQ48: =AB48-'Syn prin concurents'!N49 -> 0.000101327 | AR48: =AE48-'Syn prin concurents'!Q49 -> 0 | AS48: =AF48-'Syn prin concurents'!R49 -> 0 | AT48: =AI48-'Syn prin concurents'!U49 -> 0 | AU48: =AJ48-'Syn prin concurents'!V49 -> 0.019565827
A49: SALAFIN | C49: =SALAFIN!$B$42 -> 229567.08 | D49: =+'[2]Syn prin concurents par catégor'!$C$49 -> 216696 | E49: =IF(D49=0,0,C49/D49-1) -> 0.059396915 | G49: =SALAFIN!$B$43+SALAFIN!$B$45 -> 1165356.6 | H49: ='[2]Syn prin concurents par catégor'!$G$49 -> 1106857.5 | I49: =IF(H49=0,0,G49/H49-1) -> 0.052851575 | K49: =SALAFIN!$B$51 -> 337812.41 | L49: ='[2]Syn prin concurents par catégor'!$K$49 -> 348921.35 | M49: =IF(L49=0,0,K49/L49-1) -> -0.031837949 | O49: =SALAFIN!$B$52 -> 162893.02 | P49: =+'[2]Syn prin concurents par catégor'!$O$49 -> 171751.1 | Q49: =IF(P49=0,0,O49/P49-1) -> -0.0515751 | S49: =SALAFIN!$B$53 -> 6848.766 | T49: =+'[2]Syn prin concurents par catégor'!$S$49 -> 9365.703 | U49: =IF(T49=0,0,S49/T49-1) -> -0.26873978 | W49: =SALAFIN!$B$54 -> 451753.87 | X49: =+'[2]Syn prin concurents par catégor'!$W$49 -> 361712.96 | Y49: =IF(X49=0,0,W49/X49-1) -> 0.24892919 | AA49: =SALAFIN!$B$48-SALAFIN!$B$41 -> 0 | AB49: ='[3]Syn prin concurents par catégor'!AA49 -> 0 | AC49: =IF(AB49=0,0,AA49/AB49-1) -> 0 | AE49: =SALAFIN!$B$55 -> 151731.65 | AF49: ='[3]Syn prin concurents par catégor'!AE49 -> 80009.384 | AG49: =IF(AF49=0,0,AE49/AF49-1) -> 0.89642319 | AI49: =AE49+AA49+K49+G49+C49+O49+S49+W49 -> 2505963.4 | AJ49: =AF49+AB49+L49+H49+D49+P49+T49+X49 -> 2295314 | AK49: =IF(AJ49=0,0,AI49/AJ49-1) -> 0.091773702 | AL49: =C49+G49-'Syn prin concurents'!E50 -> 0 | AM49: =D49+H49-'Syn prin concurents'!F50 -> 0 | AN49: =K49+O49+S49+W49-'Syn prin concurents'!I50 -> 0 | AO49: =L49+P49+T49+X49-'Syn prin concurents'!J50 -> 0 | AP49: =AA49-'Syn prin concurents'!M50 -> 0 | AQ49: =AB49-'Syn prin concurents'!N50 -> 0 | AR49: =AE49-'Syn prin concurents'!Q50 -> 0 | AS49: =AF49-'Syn prin concurents'!R50 -> -17819.762 | AT49: =AI49-'Syn prin concurents'!U50 -> 0 | AU49: =AJ49-'Syn prin concurents'!V50 -> -17819.762
A50: Part de marché | C50: =C49/C$53 -> 0.011166713 | D50: =D49/D$53 -> 0.015812276 | E50: =(C50-D50)*100 -> -0.46455627 | G50: =G49/G$53 -> 0.032513806 | H50: =H49/H$53 -> 0.047509909 | I50: =(G50-H50)*100 -> -1.4996103 | K50: =K49/K$53 -> 0.02272021 | L50: =L49/L$53 -> 0.023177304 | M50: =(K50-L50)*100 -> -0.045709372 | O50: =O49/O$53 -> 0.046734939 | P50: =P49/P$53 -> 0.047795654 | Q50: =(O50-P50)*100 -> -0.10607143 | S50: =S49/S$53 -> 0.0059491614 | T50: =T49/T$53 -> 0.0079180367 | U50: =(S50-T50)*100 -> -0.19688752 | W50: =W49/W$53 -> 0.070263109 | X50: =X49/X$53 -> 0.058630818 | Y50: =(W50-X50)*100 -> 1.1632291 | AA50: =AA49/AA$53 -> 0 | AB50: =AB49/AB$53 -> 0 | AC50: =(AA50-AB50)*100 -> 0 | AE50: =AE49/AE$53 -> 0.67209318 | AF50: =AF49/AF$53 -> 0.46270217 | AG50: =(AE50-AF50)*100 -> 20.939101 | AI50: =AI49/AI$53 -> 0.030130092 | AJ50: =AJ49/AJ$53 -> 0.036099722 | AK50: =(AI50-AJ50)*100 -> -0.59696297 | AL50: =C50+G50-'Syn prin concurents'!E51 -> 0.018947857 | AM50: =D50+H50-'Syn prin concurents'!F51 -> 0.038504617 | AN50: =K50+O50+S50+W50-'Syn prin concurents'!I51 -> 0.10867778 | AO50: =L50+P50+T50+X50-'Syn prin concurents'!J51 -> 0.10322376 | AP50: =AA50-'Syn prin concurents'!M51 -> 0 | AQ50: =AB50-'Syn prin concurents'!N51 -> 0 | AR50: =AE50-'Syn prin concurents'!Q51 -> 0 | AS50: =AF50-'Syn prin concurents'!R51 -> -0.10205961 | AT50: =AI50-'Syn prin concurents'!U51 -> 0 | AU50: =AJ50-'Syn prin concurents'!V51 -> 0.007199135
A51: AXA | C51: ='AXA CREDIT'!$B$42 -> 5644.075 | D51: =+'[2]Syn prin concurents par catégor'!$C$51 -> 5644.075 | E51: =IF(D51=0,0,C51/D51-1) -> 0 | G51: ='AXA CREDIT'!$B$43+'AXA CREDIT'!$B$45 -> 7826.04 | H51: ='[2]Syn prin concurents par catégor'!$G$51 -> 7826.04 | I51: =IF(H51=0,0,G51/H51-1) -> 0 | K51: ='AXA CREDIT'!$B$51 -> 1803496.7 | L51: ='[2]Syn prin concurents par catégor'!$K$51 -> 1803496.7 | M51: =IF(L51=0,0,K51/L51-1) -> 0 | O51: ='AXA CREDIT'!$B$52 -> 64761.531 | P51: =+'[2]Syn prin concurents par catégor'!$O$51 -> 64761.531 | Q51: =IF(P51=0,0,O51/P51-1) -> 0 | S51: ='AXA CREDIT'!$B$53 -> 149469.04 | T51: =+'[2]Syn prin concurents par catégor'!$S$51 -> 149469.04 | U51: =IF(T51=0,0,S51/T51-1) -> 0 | W51: ='AXA CREDIT'!$B$54 -> 149312.05 | X51: =+'[2]Syn prin concurents par catégor'!$W$51 -> 149312.05 | Y51: =IF(X51=0,0,W51/X51-1) -> 0 | AA51: ='AXA CREDIT'!$B$48-'AXA CREDIT'!$B$41 -> 0 | AB51: ='[3]Syn prin concurents par catégor'!AA51 -> 0 | AC51: =IF(AB51=0,0,AA51/AB51-1) -> 0 | AE51: ='AXA CREDIT'!$B$55 -> 0 | AF51: ='[3]Syn prin concurents par catégor'!AE51 -> 3.11495 | AG51: =IF(AF51=0,0,AE51/AF51-1) -> -1 | AI51: =AE51+AA51+K51+G51+C51+O51+S51+W51 -> 2180509.4 | AJ51: =AF51+AB51+L51+H51+D51+P51+T51+X51 -> 2180512.5 | AK51: =IF(AJ51=0,0,AI51/AJ51-1) -> -1.4285403e-06 | AL51: =C51+G51-'Syn prin concurents'!E52 -> 0 | AM51: =D51+H51-'Syn prin concurents'!F52 -> 0 | AN51: =K51+O51+S51+W51-'Syn prin concurents'!I52 -> 0 | AO51: =L51+P51+T51+X51-'Syn prin concurents'!J52 -> 0 | AP51: =AA51-'Syn prin concurents'!M52 -> 0 | AQ51: =AB51-'Syn prin concurents'!N52 -> 0 | AR51: =AE51-'Syn prin concurents'!Q52 -> 0 | AS51: =AF51-'Syn prin concurents'!R52 -> 3.11495 | AT51: =AI51-'Syn prin concurents'!U52 -> 0 | AU51: =AJ51-'Syn prin concurents'!V52 -> 3.11495
A52: Part de marché | C52: =C51/(C$53+C$43) -> 0.00021803002 | D52: =D51/(D$53+D$43) -> 0.00028861538 | E52: =(C52-D52)*100 -> -0.0070585359 | G52: =G51/(G$53+G$43) -> 0.00018899118 | H52: =H51/(H$53+H$43) -> 0.00027210939 | I52: =(G52-H52)*100 -> -0.0083118214 | K52: =K51/(K$53+K$43) -> 0.093764596 | L52: =L51/(L$53+L$43) -> 0.092098176 | M52: =(K52-L52)*100 -> 0.16664199 | O52: =O51/(O$53+O$43) -> 0.016285064 | P52: =P51/(P$53+P$43) -> 0.015742033 | Q52: =(O52-P52)*100 -> 0.054303037 | S52: =S51/(S$53+S$43) -> 0.12067489 | T52: =T51/(T$53+T$43) -> 0.11767252 | U52: =(S52-T52)*100 -> 0.3002378 | W52: =W51/(W$53+W$43) -> 0.021572692 | X52: =X51/(X$53+X$43) -> 0.022277757 | Y52: =(W52-X52)*100 -> -0.070506485 | AA52: =AA51/AA$53 -> 0 | AB52: =AB51/(AB$53+AB$43) -> 0 | AC52: =(AA52-AB52)*100 -> 0 | AE52: =AE51/AE$53 -> 0 | AF52: =AF51/(AF$53+AF$43) -> 1.8014064e-05 | AG52: =(AE52-AF52)*100 -> -0.0018014064 | AI52: =AI51/(AI$53+AI$43) -> 0.02191376 | AJ52: =AJ51/(AJ$53+AJ$43) -> 0.027064941 | AK52: =(AI52-AJ52)*100 -> -0.51511808 | AL52: =C52+G52-'Syn prin concurents'!E53 -> 0.00016818963 | AM52: =D52+H52-'Syn prin concurents'!F53 -> 0.00030815055 | AN52: =K52+O52+S52+W52-'Syn prin concurents'!I53 -> 0.1687391 | AO52: =L52+P52+T52+X52-'Syn prin concurents'!J53 -> 0.16444298 | AP52: =AA52-'Syn prin concurents'!M53 -> 0 | AQ52: =AB52-'Syn prin concurents'!N53 -> 0 | AR52: =AE52-'Syn prin concurents'!Q53 -> 0 | AS52: =AF52-'Syn prin concurents'!R53 -> 1.8014064e-05 | AT52: =AI52-'Syn prin concurents'!U53 -> -0.0043032827 | AU52: =AJ52-'Syn prin concurents'!V53 -> -0.00017862121
A53: Marché | C53: =GLOBAL!B42 -> 20558161 | D53: ='[3]Syn prin concurents par catégor'!C53 -> 13704290 | E53: =IF(D53=0,0,C53/D53-1) -> 0.50012596 | G53: =GLOBAL!B43+GLOBAL!B45 -> 35841901 | H53: ='[3]Syn prin concurents par catégor'!G53 -> 23297402 | I53: =IF(H53=0,0,G53/H53-1) -> 0.53845053 | K53: =GLOBAL!B51 -> 14868367 | L53: =+'[2]Syn prin concurents par catégor'!$K$53 -> 15054441 | M53: =IF(L53=0,0,K53/L53-1) -> -0.012360101 | O53: =GLOBAL!B52 -> 3485465.5 | P53: =+'[2]Syn prin concurents par catégor'!$O$53 -> 3593446 | Q53: =IF(P53=0,0,O53/P53-1) -> -0.030049281 | S53: =GLOBAL!B53 -> 1151215.4 | T53: =+'[2]Syn prin concurents par catégor'!$S$53 -> 1182831.5 | U53: =IF(T53=0,0,S53/T53-1) -> -0.026729182 | W53: =GLOBAL!B54 -> 6429460.3 | X53: =+'[2]Syn prin concurents par catégor'!$W$53 -> 6169331.5 | Y53: =IF(X53=0,0,W53/X53-1) -> 0.04216482 | AA53: =GLOBAL!$B$48-GLOBAL!$B$41 -> 611120.35 | AB53: ='[3]Syn prin concurents par catégor'!AA53 -> 407934.92 | AC53: =IF(AB53=0,0,AA53/AB53-1) -> 0.49808297 | AE53: =GLOBAL!$B$55 -> 225759.84 | AF53: ='[3]Syn prin concurents par catégor'!AE53 -> 172917.68 | AG53: =IF(AF53=0,0,AE53/AF53-1) -> 0.30559148 | AI53: =AE53+AA53+K53+G53+C53+O53+S53+W53 -> 83171449 | AJ53: =AF53+AB53+L53+H53+D53+P53+T53+X53 -> 63582594 | AK53: =IF(AJ53=0,0,AI53/AJ53-1) -> 0.30808518 | AL53: =C53+G53-'Syn prin concurents'!E54 -> 0 | AM53: =D53+H53-'Syn prin concurents'!F54 -> -16329621 | AN53: =K53+O53+S53+W53-'Syn prin concurents'!I54 -> 0 | AO53: =L53+P53+T53+X53-'Syn prin concurents'!J54 -> 0 | AP53: =AA53-'Syn prin concurents'!M54 -> 0 | AQ53: =AB53-'Syn prin concurents'!N54 -> -125084.53 | AR53: =AE53-'Syn prin concurents'!Q54 -> 0 | AS53: =AF53-'Syn prin concurents'!R54 -> -304.29053 | AT53: =AI53-'Syn prin concurents'!U54 -> 0 | AU53: =AJ53-'Syn prin concurents'!V54 -> -16455010
A55: Créances en souffrances
C57: Auto Classiques (En MDH) | G57: LOA (en MDH) | K57: Fonctionnaires (en MDH) | O57: Retraités (en MDH) | S57: Conventions (en MDH) | W57: Bancaires (en MDH) | AA57: Equipement domestique (en MDH) | AE57: Revolving (en MDH) | AI57: Global (en MDH)
C59: =C36 -> 46082 | D59: =D36 -> 45992 | E59: Evolution | G59: =G36 -> 46082 | H59: =H36 -> 45992 | I59: Evolution | K59: =G59 -> 46082 | L59: =L36 -> 45992 | M59: Evolution | O59: =K59 -> 46082 | P59: =P36 -> 45992 | Q59: Evolution | S59: =O59 -> 46082 | T59: =T36 -> 45992 | U59: Evolution | W59: =S59 -> 46082 | X59: =X36 -> 45992 | Y59: Evolution | AA59: =K59 -> 46082 | AB59: =AB36 -> 44896 | AC59: Evolution | AE59: =AA59 -> 46082 | AF59: =AF36 -> 44896 | AG59: Evolution | AI59: =AE59 -> 46082 | AJ59: =AF59 -> 44896 | AK59: Evolution
A62: WAFASALAF | C62: =WAFASALAF!$B$98 -> 1070052.3 | D62: =+'[2]Syn prin concurents par catégor'!$C$62 -> 964090.05 | E62: =IF(D62=0,0,C62/D62-1) -> 0.10990912 | G62: =WAFASALAF!$B$100+WAFASALAF!$B$99 -> 285869.09 | H62: =+'[2]Syn prin concurents par catégor'!$G$62 -> 257930.26 | I62: =IF(H62=0,0,G62/H62-1) -> 0.10831933 | K62: =WAFASALAF!$B$107 -> 257475.41 | L62: =+'[2]Syn prin concurents par catégor'!$K$62 -> 243243.51 | M62: =IF(L62=0,0,K62/L62-1) -> 0.05850888 | O62: =WAFASALAF!$B$108 -> 38203.944 | P62: =+'[2]Syn prin concurents par catégor'!$O$62 -> 36700.071 | Q62: =IF(P62=0,0,O62/P62-1) -> 0.040977387 | S62: =WAFASALAF!$B$109 -> 159442 | T62: =+'[2]Syn prin concurents par catégor'!$S$62 -> 157233.57 | U62: =IF(T62=0,0,S62/T62-1) -> 0.014045569 | W62: =WAFASALAF!$B$110 -> 1006785.9 | X62: =+'[2]Syn prin concurents par catégor'!$W$62 -> 1015253.9 | Y62: =IF(X62=0,0,W62/X62-1) -> -0.0083407617 | AA62: =WAFASALAF!$B$103-WAFASALAF!$B$97 -> 68420.011 | AB62: ='[3]Syn prin concurents par catégor'!AA62 -> 43272.474 | AC62: =IF(AB62=0,0,AA62/AB62-1) -> 0.58114396 | AE62: =WAFASALAF!$B$111 -> 38385.053 | AF62: ='[3]Syn prin concurents par catégor'!AE62 -> 51298.268 | AG62: =IF(AF62=0,0,AE62/AF62-1) -> -0.25172809 | AI62: =AE62+AA62+K62+G62+C62+O62+S62+W62 -> 2924633.8 | AJ62: =AF62+AB62+L62+H62+D62+P62+T62+X62 -> 2769022.1 | AK62: =IF(AJ62=0,0,AI62/AJ62-1) -> 0.056197335 | AL62: =C62+G62-'Syn prin concurents'!E64 -> 0 | AM62: =D62+H62-'Syn prin concurents'!F64 -> 0 | AN62: =K62+O62+S62+W62-'Syn prin concurents'!I64 -> 0 | AO62: =L62+P62+T62+X62-'Syn prin concurents'!J64 -> 0 | AP62: =AA62-'Syn prin concurents'!M64 -> 0 | AQ62: =AB62-'Syn prin concurents'!N64 -> -15229.823 | AR62: =AE62-'Syn prin concurents'!Q64 -> 0 | AS62: =AF62-'Syn prin concurents'!R64 -> 10673.593 | AT62: =AI62-'Syn prin concurents'!U64 -> 0 | AU62: =AJ62-'Syn prin concurents'!V64 -> -4556.23
A63: Part de marché | C63: =C62/C$76 -> 0.18823678 | D63: =D62/D$76 -> 0.19958775 | E63: =(C63-D63)*100 -> -1.1350969 | G63: =G62/G$76 -> 0.14141514 | H63: =H62/H$76 -> 0.17666725 | I63: =(G63-H63)*100 -> -3.5252103 | K63: =K62/K$76 -> 0.19881367 | L63: =L62/L$76 -> 0.30824032 | M63: =(K63-L63)*100 -> -10.942665 | O63: =O62/O$76 -> 0.20110004 | P63: =P62/P$76 -> 0.13517721 | Q63: =(O63-P63)*100 -> 6.5922829 | S63: =S62/S$76 -> 0.3348414 | T63: =T62/T$76 -> 0.26845219 | U63: =(S63-T63)*100 -> 6.6389205 | W63: =W62/W$76 -> 0.35845988 | X63: =X62/X$76 -> 0.39742243 | Y63: =(W63-X63)*100 -> -3.8962546 | AA63: =AA62/AA$76 -> 0.92814374 | AB63: =AB62/AB$76 -> 0.91025211 | AC63: =(AA63-AB63)*100 -> 1.7891626 | AE63: =AE62/AE$76 -> 0.46361308 | AF63: =AF62/AF$76 -> 0.90351239 | AG63: =(AE63-AF63)*100 -> -43.989931 | AI63: =AI62/AI$76 -> 0.2315174 | AJ63: =AJ62/AJ$76 -> 0.26133617 | AK63: =(AI63-AJ63)*100 -> -2.9818774 | AL63: =C63+G63-'Syn prin concurents'!E65 -> 0.15369755 | AM63: =D63+H63-'Syn prin concurents'!F65 -> 0.19496949 | AN63: =K63+O63+S63+W63-'Syn prin concurents'!I65 -> 0.78672575 | AO63: =L63+P63+T63+X63-'Syn prin concurents'!J65 -> 0.79933097 | AP63: =AA63-'Syn prin concurents'!M65 -> 0 | AQ63: =AB63-'Syn prin concurents'!N65 -> -0.00773745 | AR63: =AE63-'Syn prin concurents'!Q65 -> 0 | AS63: =AF63-'Syn prin concurents'!R65 -> 0.6372735 | AT63: =AI63-'Syn prin concurents'!U65 -> 0 | AU63: =AJ63-'Syn prin concurents'!V65 -> 0.023118154
A64: SOFAC | C64: =SOFAC!B98 -> 1168367.9 | D64: =+'[2]Syn prin concurents par catégor'!$C$64 -> 1029045.9 | E64: =IF(D64=0,0,C64/D64-1) -> 0.13538949 | G64: =SOFAC!B100+SOFAC!B99 -> 470380.38 | H64: =+'[2]Syn prin concurents par catégor'!$G$64 -> 434473.62 | I64: =IF(H64=0,0,G64/H64-1) -> 0.082644269 | K64: =SOFAC!B107 -> 70292.075 | L64: =+'[2]Syn prin concurents par catégor'!$K$64 -> 67197.762 | M64: =IF(L64=0,0,K64/L64-1) -> 0.046047848 | O64: =SOFAC!B108 -> 27237.951 | P64: =+'[2]Syn prin concurents par catégor'!$O$64 -> 24263.058 | Q64: =IF(P64=0,0,O64/P64-1) -> 0.12260999 | S64: =SOFAC!B109 -> 69719.385 | T64: =+'[2]Syn prin concurents par catégor'!$S$64 -> 85341.935 | U64: =IF(T64=0,0,S64/T64-1) -> -0.1830583 | W64: =SOFAC!B110 -> 616959.18 | X64: =+'[2]Syn prin concurents par catégor'!$W$64 -> 557706.93 | Y64: =IF(X64=0,0,W64/X64-1) -> 0.10624263 | AA64: =SOFAC!B103-SOFAC!B97 -> 321.63811 | AB64: ='[3]Syn prin concurents par catégor'!AA64 -> 124.78545 | AC64: =IF(AB64=0,0,AA64/AB64-1) -> 1.577529 | AE64: =SOFAC!B111 -> 0 | AF64: ='[3]Syn prin concurents par catégor'!AE64 -> 0 | AG64: =IF(AF64=0,0,AE64/AF64-1) -> 0 | AI64: =AE64+AA64+K64+G64+C64+O64+S64+W64 -> 2423278.6 | AJ64: =AF64+AB64+L64+H64+D64+P64+T64+X64 -> 2198154 | AK64: =IF(AJ64=0,0,AI64/AJ64-1) -> 0.10241526 | AL64: =C64+G64-'Syn prin concurents'!E70 -> 0 | AM64: =D64+H64-'Syn prin concurents'!F70 -> 0 | AN64: =K64+O64+S64+W64-'Syn prin concurents'!I70 -> 0 | AO64: =L64+P64+T64+X64-'Syn prin concurents'!J70 -> 0 | AP64: =AA64-'Syn prin concurents'!M70 -> 0 | AQ64: =AB64-'Syn prin concurents'!N70 -> -121.86753 | AR64: =AE64-'Syn prin concurents'!Q70 -> 0 | AS64: =AF64-'Syn prin concurents'!R70 -> 0 | AT64: =AI64-'Syn prin concurents'!U70 -> 0 | AU64: =AJ64-'Syn prin concurents'!V70 -> -121.86753
A65: Part de marché | C65: =C64/C$76 -> 0.20553183 | D65: =D64/D$76 -> 0.21303504 | E65: =(C65-D65)*100 -> -0.75032061 | G65: =G64/G$76 -> 0.2326901 | H65: =H64/H$76 -> 0.2975892 | I65: =(G65-H65)*100 -> -6.4899092 | K65: =K64/K$76 -> 0.054277126 | L65: =L64/L$76 -> 0.085153597 | M65: =(K65-L65)*100 -> -3.0876471 | O65: =O64/O$76 -> 0.14337664 | P65: =P64/P$76 -> 0.089368016 | Q65: =(O65-P65)*100 -> 5.4008624 | S65: =S64/S$76 -> 0.14641648 | T65: =T64/T$76 -> 0.14570826 | U65: =(S65-T65)*100 -> 0.070821726 | W65: =W64/W$76 -> 0.21966448 | X65: =X64/X$76 -> 0.21831508 | Y65: =(W65-X65)*100 -> 0.13494052 | AA65: =AA64/AA$76 -> 0.0043631445 | AB65: =AB64/AB$76 -> 0.002624907 | AC65: =(AA65-AB65)*100 -> 0.17382376 | AE65: =AE64/AE$76 -> 0 | AF65: =AF64/AF$76 -> 0 | AG65: =(AE65-AF65)*100 -> 0 | AI65: =AI64/AI$76 -> 0.19182954 | AJ65: =AJ64/AJ$76 -> 0.20745849 | AK65: =(AI65-AJ65)*100 -> -1.5628958 | AL65: =C65+G65-'Syn prin concurents'!E71 -> 0.22556586 | AM65: =D65+H65-'Syn prin concurents'!F71 -> 0.29351256 | AN65: =K65+O65+S65+W65-'Syn prin concurents'!I71 -> 0.3993252 | AO65: =L65+P65+T65+X65-'Syn prin concurents'!J71 -> 0.38179432 | AP65: =AA65-'Syn prin concurents'!M71 -> 0 | AQ65: =AB65-'Syn prin concurents'!N71 -> -0.0012454515 | AR65: =AE65-'Syn prin concurents'!Q71 -> 0 | AS65: =AF65-'Syn prin concurents'!R71 -> 0 | AT65: =AI65-'Syn prin concurents'!U71 -> 0 | AU65: =AJ65-'Syn prin concurents'!V71 -> 0.018652244
A66: VIVALIS | C66: =VIVALIS!$B$98 -> 1936369.7 | D66: =+'[2]Syn prin concurents par catégor'!$C$66 -> 1461851.2 | E66: =IF(D66=0,0,C66/D66-1) -> 0.32460112 | G66: =VIVALIS!$B$100+VIVALIS!$B$99 -> 573814.47 | H66: =+'[2]Syn prin concurents par catégor'!$G$66 -> 421541.9 | I66: =IF(H66=0,0,G66/H66-1) -> 0.36122762 | K66: =VIVALIS!$B$107 -> 320833.75 | L66: =+'[2]Syn prin concurents par catégor'!$K$66 -> 243763.47 | M66: =IF(L66=0,0,K66/L66-1) -> 0.31616829 | O66: =VIVALIS!$B$108 -> 41409.892 | P66: =+'[2]Syn prin concurents par catégor'!$O$66 -> 22420.215 | Q66: =IF(P66=0,0,O66/P66-1) -> 0.84698907 | S66: =VIVALIS!$B$109 -> 12525.959 | T66: =+'[2]Syn prin concurents par catégor'!$S$66 -> 11868.414 | U66: =IF(T66=0,0,S66/T66-1) -> 0.055402938 | W66: =VIVALIS!$B$110 -> 258497.51 | X66: =+'[2]Syn prin concurents par catégor'!$W$66 -> 196862.61 | Y66: =IF(X66=0,0,W66/X66-1) -> 0.31308583 | AA66: =VIVALIS!$B$103-VIVALIS!$B$97 -> 0 | AB66: ='[3]Syn prin concurents par catégor'!AA66 -> 0 | AC66: =IF(AB66=0,0,AA66/AB66-1) -> 0 | AE66: =VIVALIS!$B$111 -> 0 | AF66: ='[3]Syn prin concurents par catégor'!AE66 -> 0 | AG66: =IF(AF66=0,0,AE66/AF66-1) -> 0 | AI66: =AE66+AA66+K66+G66+C66+O66+S66+W66 -> 3143451.3 | AJ66: =AF66+AB66+L66+H66+D66+P66+T66+X66 -> 2358307.8 | AK66: =IF(AJ66=0,0,AI66/AJ66-1) -> 0.33292665 | AL66: =C66+G66-'Syn prin concurents'!E68 -> 0 | AM66: =D66+H66-'Syn prin concurents'!F68 -> 0 | AN66: =K66+O66+S66+W66-'Syn prin concurents'!I68 -> 0 | AO66: =L66+P66+T66+X66-'Syn prin concurents'!J68 -> 0 | AP66: =AA66-'Syn prin concurents'!M68 -> 0 | AQ66: =AB66-'Syn prin concurents'!N68 -> 0 | AR66: =AE66-'Syn prin concurents'!Q68 -> 0 | AS66: =AF66-'Syn prin concurents'!R68 -> 0 | AT66: =AI66-'Syn prin concurents'!U68 -> 0 | AU66: =AJ66-'Syn prin concurents'!V68 -> 0
A67: Part de marché | C67: =C66/C$76 -> 0.3406338 | D67: =D66/D$76 -> 0.30263519 | E67: =(C67-D67)*100 -> 3.7998604 | G67: =G66/G$76 -> 0.2838574 | H67: =H66/H$76 -> 0.28873172 | I67: =(G67-H67)*100 -> -0.48743196 | K67: =K66/K$76 -> 0.24773681 | L67: =L66/L$76 -> 0.30889922 | M67: =(K67-L67)*100 -> -6.1162417 | O67: =O66/O$76 -> 0.21797569 | P67: =P66/P$76 -> 0.08258028 | Q67: =(O67-P67)*100 -> 13.539541 | S67: =S66/S$76 -> 0.02630555 | T67: =T66/T$76 -> 0.020263496 | U67: =(S67-T67)*100 -> 0.60420543 | W67: =W66/W$76 -> 0.092036434 | X67: =X66/X$76 -> 0.077062118 | Y67: =(W67-X67)*100 -> 1.4974315 | AA67: =AA66/AA$76 -> 0 | AB67: =AB66/AB$76 -> 0 | AC67: =(AA67-AB67)*100 -> 0 | AE67: =AE66/AE$76 -> 0 | AF67: =AF66/AF$76 -> 0 | AG67: =(AE67-AF67)*100 -> 0 | AI67: =AI66/AI$76 -> 0.24883924 | AJ67: =AJ66/AJ$76 -> 0.22257356 | AK67: =(AI67-AJ67)*100 -> 2.6265678 | AL67: =C67+G67-'Syn prin concurents'!E69 -> 0.29875117 | AM67: =D67+H67-'Syn prin concurents'!F69 -> 0.31196741 | AN67: =K67+O67+S67+W67-'Syn prin concurents'!I69 -> 0.45128986 | AO67: =L67+P67+T67+X67-'Syn prin concurents'!J69 -> 0.38745427 | AP67: =AA67-'Syn prin concurents'!M69 -> 0 | AQ67: =AB67-'Syn prin concurents'!N69 -> 0 | AR67: =AE67-'Syn prin concurents'!Q69 -> 0 | AS67: =AF67-'Syn prin concurents'!R69 -> 0 | AT67: =AI67-'Syn prin concurents'!U69 -> 0 | AU67: =AJ67-'Syn prin concurents'!V69 -> 0.020022444
A68: EQDOM | C68: =EQDOM!$B$98 -> 498745.5 | D68: =+'[2]Syn prin concurents par catégor'!$C$68 -> 455455.58 | E68: =IF(D68=0,0,C68/D68-1) -> 0.095047507 | G68: =EQDOM!$B$100+EQDOM!$B$99 -> 387140.69 | H68: =+'[2]Syn prin concurents par catégor'!$G$68 -> 372087.46 | I68: =IF(H68=0,0,G68/H68-1) -> 0.040456139 | K68: =EQDOM!$B$107 -> 464146.06 | L68: =+'[2]Syn prin concurents par catégor'!$K$68 -> 484915.88 | M68: =IF(L68=0,0,K68/L68-1) -> -0.0428318 | O68: =EQDOM!$B$108 -> 42837.335 | P68: =+'[2]Syn prin concurents par catégor'!$O$68 -> 43780.308 | Q68: =IF(P68=0,0,O68/P68-1) -> -0.021538748 | S68: =EQDOM!$B$109 -> 148471.65 | T68: =+'[2]Syn prin concurents par catégor'!$S$68 -> 147548.3 | U68: =IF(T68=0,0,S68/T68-1) -> 0.0062579576 | W68: =EQDOM!$B$110 -> 244708.53 | X68: =+'[2]Syn prin concurents par catégor'!$W$68 -> 246462.98 | Y68: =IF(X68=0,0,W68/X68-1) -> -0.0071185053 | AA68: =EQDOM!$B$103-EQDOM!$B$97 -> 4975.393 | AB68: ='[3]Syn prin concurents par catégor'!AA70 -> 0 | AC68: =IF(AB68=0,0,AA68/AB68-1) -> 0 | AE68: =EQDOM!$B$111 -> 0 | AF68: ='[3]Syn prin concurents par catégor'!AE70 -> 0 | AG68: =IF(AF68=0,0,AE68/AF68-1) -> 0 | AI68: =AE68+AA68+K68+G68+C68+O68+S68+W68 -> 1791025.2 | AJ68: =AF68+AB68+L68+H68+D68+P68+T68+X68 -> 1750250.5 | AK68: =IF(AJ68=0,0,AI68/AJ68-1) -> 0.023296461 | AL68: =C68+G68-'Syn prin concurents'!E66 -> 0 | AM68: =D68+H68-'Syn prin concurents'!F66 -> 0 | AN68: =K68+O68+S68+W68-'Syn prin concurents'!I66 -> 0 | AO68: =L68+P68+T68+X68-'Syn prin concurents'!J66 -> 0 | AP68: =AA68-'Syn prin concurents'!M66 -> 0 | AQ68: =AB68-'Syn prin concurents'!N66 -> -4979.767 | AR68: =AE68-'Syn prin concurents'!Q66 -> 0 | AS68: =AF68-'Syn prin concurents'!R66 -> 0 | AT68: =AI68-'Syn prin concurents'!U66 -> 0 | AU68: =AJ68-'Syn prin concurents'!V66 -> -4979.767
A69: Part de marché | C69: =C68/C$76 -> 0.087736126 | D69: =D68/D$76 -> 0.094289277 | E69: =(C69-D69)*100 -> -0.65531511 | G69: =G68/G$76 -> 0.19151268 | H69: =H68/H$76 -> 0.2548583 | I69: =(G69-H69)*100 -> -6.3345622 | K69: =K68/K$76 -> 0.35839765 | L69: =L68/L$76 -> 0.61448968 | M69: =(K69-L69)*100 -> -25.609203 | O69: =O68/O$76 -> 0.22548954 | P69: =P68/P$76 -> 0.16125582 | Q69: =(O69-P69)*100 -> 6.4233724 | S69: =S68/S$76 -> 0.31180275 | T69: =T68/T$76 -> 0.25191608 | U69: =(S69-T69)*100 -> 5.9886667 | W69: =W68/W$76 -> 0.087126952 | X69: =X68/X$76 -> 0.096478242 | Y69: =(W69-X69)*100 -> -0.93512903 | AA69: =AA68/AA$76 -> 0.067493118 | AB69: =AB68/AB$76 -> 0 | AC69: =(AA69-AB69)*100 -> 6.7493118 | AE69: =AE68/AE$76 -> 0 | AF69: =AF68/AF$76 -> 0 | AG69: =(AE69-AF69)*100 -> 0 | AI69: =AI68/AI$76 -> 0.14177962 | AJ69: =AJ68/AJ$76 -> 0.16518603 | AK69: =(AI69-AJ69)*100 -> -2.3406403 | AL69: =C69+G69-'Syn prin concurents'!E67 -> 0.16428967 | AM69: =D69+H69-'Syn prin concurents'!F67 -> 0.22638239 | AN69: =K69+O69+S69+W69-'Syn prin concurents'!I67 -> 0.79409736 | AO69: =L69+P69+T69+X69-'Syn prin concurents'!J67 -> 0.92722618 | AP69: =AA69-'Syn prin concurents'!M67 -> 0 | AQ69: =AB69-'Syn prin concurents'!N67 -> -0.078140079 | AR69: =AE69-'Syn prin concurents'!Q67 -> 0 | AS69: =AF69-'Syn prin concurents'!R67 -> 0 | AT69: =AI69-'Syn prin concurents'!U67 -> 0 | AU69: =AJ69-'Syn prin concurents'!V67 -> 0.014432228
A70: RCI | C70: ='RCI '!$B$98 -> 729110.05 | D70: =+'[2]Syn prin concurents par catégor'!$C$70 -> 725474.31 | E70: =IF(D70=0,0,C70/D70-1) -> 0.0050115283 | G70: ='RCI '!$B$100+'RCI '!$B$99 -> 131587.08 | H70: =+'[2]Syn prin concurents par catégor'!$G$70 -> 125409.81 | I70: =IF(H70=0,0,G70/H70-1) -> 0.049256608 | K70: ='RCI '!$B$107 -> 0 | L70: =+'[2]Syn prin concurents par catégor'!$K$70 -> 0 | M70: =IF(L70=0,0,K70/L70-1) -> 0 | O70: ='RCI '!$B$108 -> 0 | P70: =+'[2]Syn prin concurents par catégor'!$O$70 -> 0 | Q70: =IF(P70=0,0,O70/P70-1) -> 0 | S70: ='RCI '!$B$109 -> 0 | T70: =+'[2]Syn prin concurents par catégor'!$S$70 -> 0 | U70: =IF(T70=0,0,S70/T70-1) -> 0 | W70: ='RCI '!$B$110 -> 0 | X70: =+'[2]Syn prin concurents par catégor'!$W$70 -> 0 | Y70: =IF(X70=0,0,W70/X70-1) -> 0 | AA70: ='RCI '!$B$103-'RCI '!$B$97 -> 0 | AB70: ='[3]Syn prin concurents par catégor'!AA68 -> 4141.7393 | AC70: =IF(AB70=0,0,AA70/AB70-1) -> -1 | AE70: ='RCI '!$B$111 -> 0 | AF70: ='[3]Syn prin concurents par catégor'!AE68 -> 0 | AG70: =IF(AF70=0,0,AE70/AF70-1) -> 0 | AI70: =AE70+AA70+K70+G70+C70+O70+S70+W70 -> 860697.12 | AJ70: =AF70+AB70+L70+H70+D70+P70+T70+X70 -> 855025.86 | AK70: =IF(AJ70=0,0,AI70/AJ70-1) -> 0.0066328493 | AL70: =C70+G70-'Syn prin concurents'!E74 -> 0 | AM70: =D70+H70-'Syn prin concurents'!F74 -> 0 | AN70: =K70+O70+S70+W70-'Syn prin concurents'!I74 -> 0 | AO70: =L70+P70+T70+X70-'Syn prin concurents'!J74 -> 0 | AP70: =AA70-'Syn prin concurents'!M74 -> 0 | AQ70: =AB70-'Syn prin concurents'!N74 -> 4141.7393 | AR70: =AE70-'Syn prin concurents'!Q74 -> 0 | AS70: =AF70-'Syn prin concurents'!R74 -> 0 | AT70: =AI70-'Syn prin concurents'!U74 -> 0 | AU70: =AJ70-'Syn prin concurents'!V74 -> 4141.7393
A71: Part de marché | C71: =C70/C$76 -> 0.12826039 | D71: =D70/D$76 -> 0.15018906 | E71: =(C71-D71)*100 -> -2.1928679 | G71: =G70/G$76 -> 0.065094149 | H71: =H70/H$76 -> 0.085898438 | I71: =(G71-H71)*100 -> -2.0804289 | K71: =K70/K$76 -> 0 | L71: =L70/L$76 -> 0 | M71: =(K71-L71)*100 -> 0 | O71: =O70/O$76 -> 0 | P71: =P70/P$76 -> 0 | Q71: =(O71-P71)*100 -> 0 | S71: =S70/S$76 -> 0 | T71: =T70/T$76 -> 0 | U71: =(S71-T71)*100 -> 0 | W71: =W70/W$76 -> 0 | X71: =X70/X$76 -> 0 | Y71: =(W71-X71)*100 -> 0 | AA71: =AA70/AA$76 -> 0 | AB71: =AB70/AB$76 -> 0.087122981 | AC71: =(AA71-AB71)*100 -> -8.7122981 | AE71: =AE70/AE$76 -> 0 | AF71: =AF70/AF$76 -> 0 | AG71: =(AE71-AF71)*100 -> 0 | AI71: =AI70/AI$76 -> 0.068133781 | AJ71: =AJ70/AJ$76 -> 0.080696064 | AK71: =(AI71-AJ71)*100 -> -1.2562283 | AL71: =C71+G71-'Syn prin concurents'!E75 -> 0.081664123 | AM71: =D71+H71-'Syn prin concurents'!F75 -> 0.10985969 | AN71: =K71+O71+S71+W71-'Syn prin concurents'!I75 -> 0 | AO71: =L71+P71+T71+X71-'Syn prin concurents'!J75 -> 0 | AP71: =AA71-'Syn prin concurents'!M75 -> 0 | AQ71: =AB71-'Syn prin concurents'!N75 -> 0.087122981 | AR71: =AE71-'Syn prin concurents'!Q75 -> 0 | AS71: =AF71-'Syn prin concurents'!R75 -> 0 | AT71: =AI71-'Syn prin concurents'!U75 -> 0 | AU71: =AJ71-'Syn prin concurents'!V75 -> 0.0076150458
A72: SALAFIN | C72: =SALAFIN!$B$98 -> 193257.22 | D72: =+'[2]Syn prin concurents par catégor'!$C$72 -> 206861.12 | E72: =IF(D72=0,0,C72/D72-1) -> -0.065763413 | G72: =SALAFIN!$B$100+SALAFIN!$B$99 -> 172360.91 | H72: =+'[2]Syn prin concurents par catégor'!$G$72 -> 215306.53 | I72: =IF(H72=0,0,G72/H72-1) -> -0.19946268 | K72: =SALAFIN!$B$107 -> 103256.82 | L72: =+'[2]Syn prin concurents par catégor'!$K$72 -> 112096.09 | M72: =IF(L72=0,0,K72/L72-1) -> -0.078854375 | O72: =SALAFIN!$B$108 -> 35379.146 | P72: =+'[2]Syn prin concurents par catégor'!$O$72 -> 35657.816 | Q72: =IF(P72=0,0,O72/P72-1) -> -0.0078151169 | S72: =SALAFIN!$B$109 -> 14919.178 | T72: =+'[2]Syn prin concurents par catégor'!$S$72 -> 13703.236 | U72: =IF(T72=0,0,S72/T72-1) -> 0.088733931 | W72: =SALAFIN!$B$110 -> 396503.13 | X72: =+'[2]Syn prin concurents par catégor'!$W$72 -> 499114.35 | Y72: =IF(X72=0,0,W72/X72-1) -> -0.20558659 | AA72: =SALAFIN!$B$103-SALAFIN!$B$97 -> 0 | AB72: ='[3]Syn prin concurents par catégor'!AA72 -> 0 | AC72: =IF(AB72=0,0,AA72/AB72-1) -> 0 | AE72: =SALAFIN!$B$111 -> 44341.983 | AF72: ='[3]Syn prin concurents par catégor'!AE72 -> 5410.5945 | AG72: =IF(AF72=0,0,AE72/AF72-1) -> 7.1953994 | AI72: =AE72+AA72+K72+G72+C72+O72+S72+W72 -> 960018.39 | AJ72: =AF72+AB72+L72+H72+D72+P72+T72+X72 -> 1088149.7 | AK72: =IF(AJ72=0,0,AI72/AJ72-1) -> -0.11775157 | AL72: =C72+G72-'Syn prin concurents'!E72 -> 0 | AM72: =D72+H72-'Syn prin concurents'!F72 -> 0 | AN72: =K72+O72+S72+W72-'Syn prin concurents'!I72 -> 0 | AO72: =L72+P72+T72+X72-'Syn prin concurents'!J72 -> 0 | AP72: =AA72-'Syn prin concurents'!M72 -> 0 | AQ72: =AB72-'Syn prin concurents'!N72 -> 0 | AR72: =AE72-'Syn prin concurents'!Q72 -> 0 | AS72: =AF72-'Syn prin concurents'!R72 -> -38139.037 | AT72: =AI72-'Syn prin concurents'!U72 -> 0 | AU72: =AJ72-'Syn prin concurents'!V72 -> -38139.037
A73: Part de marché | C73: =C72/C$76 -> 0.033996577 | D73: =D72/D$76 -> 0.04282478 | E73: =(C73-D73)*100 -> -0.88282024 | G73: =G72/G$76 -> 0.085264353 | H73: =H72/H$76 -> 0.14747247 | I73: =(G73-H73)*100 -> -6.2208113 | K73: =K72/K$76 -> 0.079731372 | L73: =L72/L$76 -> 0.14204915 | M73: =(K73-L73)*100 -> -6.2317781 | O73: =O72/O$76 -> 0.18623071 | P73: =P72/P$76 -> 0.13133828 | Q73: =(O73-P73)*100 -> 5.4892434 | S73: =S72/S$76 -> 0.031331508 | T73: =T72/T$76 -> 0.023396173 | U73: =(S73-T73)*100 -> 0.79353352 | W73: =W72/W$76 -> 0.14117248 | X73: =X72/X$76 -> 0.19537894 | Y73: =(W73-X73)*100 -> -5.4206463 | AA73: =AA72/AA$76 -> 0 | AB73: =AB72/AB$76 -> 0 | AC73: =(AA73-AB73)*100 -> 0 | AE73: =AE72/AE$76 -> 0.53556063 | AF73: =AF72/AF$76 -> 0.095296378 | AG73: =(AE73-AF73)*100 -> 44.026425 | AI73: =AI72/AI$76 -> 0.075996168 | AJ73: =AJ72/AJ$76 -> 0.10269795 | AK73: =(AI73-AJ73)*100 -> -2.6701778 | AL73: =C73+G73-'Syn prin concurents'!E73 -> 0.071815622 | AM73: =D73+H73-'Syn prin concurents'!F73 -> 0.12766909 | AN73: =K73+O73+S73+W73-'Syn prin concurents'!I73 -> 0.32314621 | AO73: =L73+P73+T73+X73-'Syn prin concurents'!J73 -> 0.35119096 | AP73: =AA73-'Syn prin concurents'!M73 -> 0 | AQ73: =AB73-'Syn prin concurents'!N73 -> 0 | AR73: =AE73-'Syn prin concurents'!Q73 -> 0 | AS73: =AF73-'Syn prin concurents'!R73 -> -0.19011158 | AT73: =AI73-'Syn prin concurents'!U73 -> 0 | AU73: =AJ73-'Syn prin concurents'!V73 -> 0.0059628828
A74: AXA | C74: ='AXA CREDIT'!$B$98 -> 6581.117 | D74: =+'[2]Syn prin concurents par catégor'!$C$74 -> 6581.117 | E74: =IF(D74=0,0,C74/D74-1) -> 0 | G74: ='AXA CREDIT'!$B$100+'AXA CREDIT'!$B$99 -> 335.922 | H74: =+'[2]Syn prin concurents par catégor'!$G$74 -> 335.922 | I74: =IF(H74=0,0,G74/H74-1) -> 0 | K74: ='AXA CREDIT'!$B$107 -> 79049.081 | L74: =+'[2]Syn prin concurents par catégor'!$K$74 -> 79049.081 | M74: =IF(L74=0,0,K74/L74-1) -> 0 | O74: ='AXA CREDIT'!$B$108 -> 4906.027 | P74: =+'[2]Syn prin concurents par catégor'!$O$74 -> 4906.027 | Q74: =IF(P74=0,0,O74/P74-1) -> 0 | S74: ='AXA CREDIT'!$B$109 -> 71091.4 | T74: =+'[2]Syn prin concurents par catégor'!$S$74 -> 71091.4 | U74: =IF(T74=0,0,S74/T74-1) -> 0 | W74: ='AXA CREDIT'!$B$110 -> 284102.32 | X74: =+'[2]Syn prin concurents par catégor'!$W$74 -> 284102.32 | Y74: =IF(X74=0,0,W74/X74-1) -> 0 | AA74: ='AXA CREDIT'!$B$103-'AXA CREDIT'!$B$97 -> 0 | AB74: ='[3]Syn prin concurents par catégor'!AA74 -> 0 | AC74: =IF(AB74=0,0,AA74/AB74-1) -> 0 | AE74: ='AXA CREDIT'!$B$111 -> 68.413 | AF74: ='[3]Syn prin concurents par catégor'!AE74 -> 67.6339 | AG74: =IF(AF74=0,0,AE74/AF74-1) -> 0.011519371 | AI74: =AE74+AA74+K74+G74+C74+O74+S74+W74 -> 446134.28 | AJ74: =AF74+AB74+L74+H74+D74+P74+T74+X74 -> 446133.5 | AK74: =IF(AJ74=0,0,AI74/AJ74-1) -> 1.7463383e-06 | AL74: =C74+G74-'Syn prin concurents'!E76 -> 0 | AM74: =D74+H74-'Syn prin concurents'!F76 -> 0 | AN74: =K74+O74+S74+W74-'Syn prin concurents'!I76 -> 0 | AO74: =L74+P74+T74+X74-'Syn prin concurents'!J76 -> 0 | AP74: =AA74-'Syn prin concurents'!M76 -> 0 | AQ74: =AB74-'Syn prin concurents'!N76 -> 0 | AR74: =AE74-'Syn prin concurents'!Q76 -> 0 | AS74: =AF74-'Syn prin concurents'!R76 -> -68345.366 | AT74: =AI74-'Syn prin concurents'!U76 -> 0 | AU74: =AJ74-'Syn prin concurents'!V76 -> -0.7791
A75: Part de marché | C75: =C74/C$76 -> 0.0011577081 | D75: =D74/D$76 -> 0.0013624353 | E75: =(C75-D75)*100 -> -0.020472719 | G75: =G74/G$76 -> 0.00016617557 | H75: =H74/H$76 -> 0.00023008706 | I75: =(G75-H75)*100 -> -0.0063911494 | K75: =K74/K$76 -> 0.061038986 | L75: =L74/L$76 -> 0.10017169 | M75: =(K75-L75)*100 -> -3.9132707 | O75: =O74/O$76 -> 0.025824617 | P75: =P74/P$76 -> 0.018070348 | Q75: =(O75-P75)*100 -> 0.77542693 | S75: =S74/S$76 -> 0.14929782 | T75: =T74/T$76 -> 0.12137766 | U75: =(S75-T75)*100 -> 2.7920164 | W75: =W74/W$76 -> 0.10115287 | X75: =X74/X$76 -> 0.11121221 | Y75: =(W75-X75)*100 -> -1.0059344 | AA75: =AA74/AA$76 -> 0 | AB75: =AB74/AB$76 -> 0 | AC75: =(AA75-AB75)*100 -> 0 | AE75: =AE74/AE$76 -> 0.00082628938 | AF75: =AF74/AF$76 -> 0.0011912306 | AG75: =(AE75-AF75)*100 -> -0.036494123 | AI75: =AI74/AI$76 -> 0.035316506 | AJ75: =AJ74/AJ$76 -> 0.042105413 | AK75: =(AI75-AJ75)*100 -> -0.67889071 | AL75: =C75+G75-'Syn prin concurents'!E77 -> 0.00042627763 | AM75: =D75+H75-'Syn prin concurents'!F77 -> 0.00056638647 | AN75: =K75+O75+S75+W75-'Syn prin concurents'!I77 -> 0.24524663 | AO75: =L75+P75+T75+X75-'Syn prin concurents'!J77 -> 0.25711381 | AP75: =AA75-'Syn prin concurents'!M77 -> 0 | AQ75: =AB75-'Syn prin concurents'!N77 -> 0 | AR75: =AE75-'Syn prin concurents'!Q77 -> 0 | AS75: =AF75-'Syn prin concurents'!R77 -> -0.44716192 | AT75: =AI75-'Syn prin concurents'!U77 -> 0 | AU75: =AJ75-'Syn prin concurents'!V77 -> 0.0037876843
A76: Marché | C76: =GLOBAL!B98 -> 5684608.2 | D76: =+'[2]Syn prin concurents par catégor'!$C$76 -> 4830407 | E76: =IF(D76=0,0,C76/D76-1) -> 0.17683835 | G76: =GLOBAL!B99+GLOBAL!B100 -> 2021488.5 | H76: =+'[2]Syn prin concurents par catégor'!$G$76 -> 1459977.8 | I76: =IF(H76=0,0,G76/H76-1) -> 0.38460224 | K76: =GLOBAL!B107 -> 1295058.9 | L76: =+'[2]Syn prin concurents par catégor'!$K$76 -> 789135.92 | M76: =IF(L76=0,0,K76/L76-1) -> 0.64111006 | O76: =GLOBAL!B108 -> 189974.82 | P76: =+'[2]Syn prin concurents par catégor'!$O$76 -> 271495.99 | Q76: =IF(P76=0,0,O76/P76-1) -> -0.30026657 | S76: =GLOBAL!B109 -> 476171.72 | T76: =+'[2]Syn prin concurents par catégor'!$S$76 -> 585704.17 | U76: =IF(T76=0,0,S76/T76-1) -> -0.18700986 | W76: =GLOBAL!B110 -> 2808643.3 | X76: =+'[2]Syn prin concurents par catégor'!$W$76 -> 2554596.5 | Y76: =IF(X76=0,0,W76/X76-1) -> 0.099446947 | AA76: =GLOBAL!$B$103-GLOBAL!$B$97 -> 73717.042 | AB76: ='[3]Syn prin concurents par catégor'!AA76 -> 47538.999 | AC76: =IF(AB76=0,0,AA76/AB76-1) -> 0.55066459 | AE76: =GLOBAL!$B$111 -> 82795.449 | AF76: ='[3]Syn prin concurents par catégor'!AE76 -> 56776.496 | AG76: =IF(AF76=0,0,AE76/AF76-1) -> 0.45826978 | AI76: =AE76+AA76+K76+G76+C76+O76+S76+W76 -> 12632458 | AJ76: =AF76+AB76+L76+H76+D76+P76+T76+X76 -> 10595633 | AK76: =IF(AJ76=0,0,AI76/AJ76-1) -> 0.19223251 | AL76: =C76+G76-'Syn prin concurents'!E78 -> 0 | AM76: =D76+H76-'Syn prin concurents'!F78 -> -450475.82 | AN76: =K76+O76+S76+W76-'Syn prin concurents'!I78 -> 0 | AO76: =L76+P76+T76+X76-'Syn prin concurents'!J78 -> -484915.88 | AP76: =AA76-'Syn prin concurents'!M78 -> 0 | AQ76: =AB76-'Syn prin concurents'!N78 -> -16189.718 | AR76: =AE76-'Syn prin concurents'!Q78 -> 0 | AS76: =AF76-'Syn prin concurents'!R78 -> -95810.81 | AT76: =AI76-'Syn prin concurents'!U78 -> 0 | AU76: =AJ76-'Syn prin concurents'!V78 -> -1047392.2
A78: Encours bruts
C80: Auto Classiques (En MDH) | G80: LOA (en MDH) | K80: Fonctionnaires (en MDH) | O80: Retraités (en MDH) | S80: Conventions (en MDH) | W80: Bancaires (en MDH) | AA80: Equipement domestique (en MDH) | AE80: Revolving (en MDH) | AI80: Global (en MDH)
C82: =C59 -> 46082 | D82: =D59 -> 45992 | E82: Evolution | G82: =G59 -> 46082 | H82: =H59 -> 45992 | I82: Evolution | K82: =G82 -> 46082 | L82: =L59 -> 45992 | M82: Evolution | O82: =K82 -> 46082 | P82: =P59 -> 45992 | Q82: Evolution | S82: =O82 -> 46082 | T82: =T59 -> 45992 | U82: Evolution | W82: =S82 -> 46082 | X82: =X59 -> 45992 | Y82: Evolution | AA82: =K82 -> 46082 | AB82: =AB59 -> 44896 | AC82: Evolution | AE82: =AA82 -> 46082 | AF82: =AF59 -> 44896 | AG82: Evolution | AI82: =AE82 -> 46082 | AJ82: =AF82 -> 44896 | AK82: Evolution
A85: WAFASALAF | C85: =WAFASALAF!$B$70 -> 4222715.3 | D85: =+'[2]Syn prin concurents par catégor'!$C$85 -> 4084787.3 | E85: =IF(D85=0,0,C85/D85-1) -> 0.033766273 | G85: =WAFASALAF!$B$71+WAFASALAF!$B$72 -> 12817958 | H85: =+'[2]Syn prin concurents par catégor'!$G$85 -> 12101013 | I85: =IF(H85=0,0,G85/H85-1) -> 0.059246652 | K85: =WAFASALAF!$B$79 -> 4507389.2 | L85: =+'[2]Syn prin concurents par catégor'!$K$85 -> 4500112.1 | M85: =IF(L85=0,0,K85/L85-1) -> 0.0016170948 | O85: =WAFASALAF!$B$80 -> 1039319.1 | P85: =+'[2]Syn prin concurents par catégor'!$O$85 -> 1089541.6 | Q85: =IF(P85=0,0,O85/P85-1) -> -0.046095028 | S85: =WAFASALAF!$B$81 -> 538360.57 | T85: =+'[2]Syn prin concurents par catégor'!$S$85 -> 560746.44 | U85: =IF(T85=0,0,S85/T85-1) -> -0.039921562 | W85: =WAFASALAF!$B$82 -> 4170117 | X85: =+'[2]Syn prin concurents par catégor'!$W$85 -> 4095193.5 | Y85: =IF(X85=0,0,W85/X85-1) -> 0.018295489 | AA85: =WAFASALAF!$B$75-WAFASALAF!$B$69 -> 673567.42 | AB85: ='[3]Syn prin concurents par catégor'!AA85 -> 448174.95 | AC85: =IF(AB85=0,0,AA85/AB85-1) -> 0.50291181 | AE85: =WAFASALAF!$B$83 -> 112413.24 | AF85: ='[3]Syn prin concurents par catégor'!AE85 -> 144203.44 | AG85: =IF(AF85=0,0,AE85/AF85-1) -> -0.22045381 | AI85: =AE85+AA85+K85+G85+C85+O85+S85+W85 -> 28081840 | AJ85: =AF85+AB85+L85+H85+D85+P85+T85+X85 -> 27023772 | AK85: =IF(AJ85=0,0,AI85/AJ85-1) -> 0.039153201 | AL85: =C85+G85-'Syn prin concurents'!E87 -> 0 | AM85: =D85+H85-'Syn prin concurents'!F87 -> 0 | AN85: =K85+O85+S85+W85-'Syn prin concurents'!I87 -> 0 | AO85: =L85+P85+T85+X85-'Syn prin concurents'!J87 -> 0 | AP85: =AA85-'Syn prin concurents'!M87 -> 0 | AQ85: =AB85-'Syn prin concurents'!N87 -> -136857.53 | AR85: =AE85-'Syn prin concurents'!Q87 -> 0 | AS85: =AF85-'Syn prin concurents'!R87 -> 28185.949 | AT85: =AI85-'Syn prin concurents'!U87 -> 0 | AU85: =AJ85-'Syn prin concurents'!V87 -> -108671.59
A86: Part de marché | C86: =C85/C$99 -> 0.16090967 | D86: =D85/D$99 -> 0.14716976 | E86: =(C86-D86)*100 -> 1.3739914 | G86: =G85/G$99 -> 0.3385317 | H86: =H85/H$99 -> 0.3913573 | I86: =(G86-H86)*100 -> -5.2825597 | K86: =K85/K$99 -> 0.27886349 | L86: =L85/L$99 -> 0.33554605 | M86: =(K86-L86)*100 -> -5.6682565 | O86: =O85/O$99 -> 0.28277405 | P86: =P85/P$99 -> 0.30325953 | Q86: =(O86-P86)*100 -> -2.0485475 | S86: =S85/S$99 -> 0.33081286 | T86: =T85/T$99 -> 0.33031103 | U86: =(S86-T86)*100 -> 0.050182267 | W86: =W85/W$99 -> 0.45140401 | X86: =X85/X$99 -> 0.49076958 | Y86: =(W86-X86)*100 -> -3.9365566 | AA86: =AA85/AA$99 -> 0.98354358 | AB86: =AB85/AB$99 -> 0.983975 | AC86: =(AA86-AB86)*100 -> -0.043142269 | AE86: =AE85/AE$99 -> 0.36432123 | AF86: =AF85/AF$99 -> 0.62780628 | AG86: =(AE86-AF86)*100 -> -26.348505 | AI86: =AI85/AI$99 -> 0.29311789 | AJ86: =AJ85/AJ$99 -> 0.3127478 | AK86: =(AI86-AJ86)*100 -> -1.9629904 | AL86: =C86+G86-'Syn prin concurents'!E88 -> 0.23362178 | AM86: =D86+H86-'Syn prin concurents'!F88 -> 0.26908782 | AN86: =K86+O86+S86+W86-'Syn prin concurents'!I88 -> 1.0098567 | AO86: =L86+P86+T86+X86-'Syn prin concurents'!J88 -> 1.1260001 | AP86: =AA86-'Syn prin concurents'!M88 -> 0 | AQ86: =AB86-'Syn prin concurents'!N88 -> 0.0036075425 | AR86: =AE86-'Syn prin concurents'!Q88 -> 0 | AS86: =AF86-'Syn prin concurents'!R88 -> 0.27171606 | AT86: =AI86-'Syn prin concurents'!U88 -> 0 | AU86: =AJ86-'Syn prin concurents'!V88 -> 0.016802579
A87: SOFAC | C87: =SOFAC!B70 -> 6553685.5 | D87: =+'[2]Syn prin concurents par catégor'!$C$87 -> 5683623.4 | E87: =IF(D87=0,0,C87/D87-1) -> 0.1530823 | G87: =SOFAC!B71+SOFAC!B72 -> 10731041 | H87: =+'[2]Syn prin concurents par catégor'!$G$87 -> 9489446.1 | I87: =IF(H87=0,0,G87/H87-1) -> 0.13083959 | K87: =SOFAC!B79 -> 1054713.9 | L87: =SOFAC!C79 -> 1063913.6 | M87: =IF(L87=0,0,K87/L87-1) -> -0.0086470393 | O87: =SOFAC!B80 -> 1074751.4 | P87: =+'[2]Syn prin concurents par catégor'!$O$87 -> 1085291.7 | Q87: =IF(P87=0,0,O87/P87-1) -> -0.0097119924 | S87: =SOFAC!B81 -> 163091.43 | T87: =+'[2]Syn prin concurents par catégor'!$S$87 -> 168034.2 | U87: =IF(T87=0,0,S87/T87-1) -> -0.029415239 | W87: =SOFAC!B82 -> 2366674.6 | X87: =+'[2]Syn prin concurents par catégor'!$W$87 -> 2200627.4 | Y87: =IF(X87=0,0,W87/X87-1) -> 0.075454478 | AA87: =SOFAC!B75-SOFAC!B69 -> 4745.136 | AB87: ='[3]Syn prin concurents par catégor'!AA87 -> 3115.895 | AC87: =IF(AB87=0,0,AA87/AB87-1) -> 0.52288059 | AE87: =SOFAC!B83 -> 0 | AF87: ='[3]Syn prin concurents par catégor'!AE87 -> 0 | AG87: =IF(AF87=0,0,AE87/AF87-1) -> 0 | AI87: =AE87+AA87+K87+G87+C87+O87+S87+W87 -> 21948703 | AJ87: =AF87+AB87+L87+H87+D87+P87+T87+X87 -> 19694052 | AK87: =IF(AJ87=0,0,AI87/AJ87-1) -> 0.11448385 | AL87: =C87+G87-'Syn prin concurents'!E91 -> 0 | AM87: =D87+H87-'Syn prin concurents'!F91 -> 0 | AN87: =K87+O87+S87+W87-'Syn prin concurents'!I91 -> 0 | AO87: =L87+P87+T87+X87-'Syn prin concurents'!J91 -> 34371.441 | AP87: =AA87-'Syn prin concurents'!M91 -> 0 | AQ87: =AB87-'Syn prin concurents'!N91 -> -1770.4022 | AR87: =AE87-'Syn prin concurents'!Q91 -> 0 | AS87: =AF87-'Syn prin concurents'!R91 -> 0 | AT87: =AI87-'Syn prin concurents'!U91 -> 0 | AU87: =AJ87-'Syn prin concurents'!V91 -> 32601.039
A88: Part de marché | C88: =C87/C$99 -> 0.24973301 | D88: =D87/D$99 -> 0.20477382 | E88: =(C88-D88)*100 -> 4.495919 | G88: =G87/G$99 -> 0.28341471 | H88: =H87/H$99 -> 0.30689695 | I88: =(G88-H88)*100 -> -2.3482244 | K88: =K87/K$99 -> 0.06525312 | L88: =L87/L$99 -> 0.079329585 | M88: =(K88-L88)*100 -> -1.4076465 | O88: =O87/O$99 -> 0.29241432 | P88: =P87/P$99 -> 0.30207663 | Q88: =(O88-P88)*100 -> -0.96623103 | S88: =S87/S$99 -> 0.10021674 | T88: =T87/T$99 -> 0.098981544 | U88: =(S88-T88)*100 -> 0.12351967 | W88: =W87/W$99 -> 0.25618619 | X88: =X87/X$99 -> 0.26372404 | Y88: =(W88-X88)*100 -> -0.75378509 | AA88: =AA87/AA$99 -> 0.0069288506 | AB88: =AB87/AB$99 -> 0.0068409954 | AC88: =(AA88-AB88)*100 -> 0.0087855156 | AE88: =AE87/AE$99 -> 0 | AF88: =AF87/AF$99 -> 0 | AG88: =(AE88-AF88)*100 -> 0 | AI88: =AI87/AI$99 -> 0.22910029 | AJ88: =AJ87/AJ$99 -> 0.22792049 | AK88: =(AI88-AJ88)*100 -> 0.11798014 | AL88: =C88+G88-'Syn prin concurents'!E92 -> 0.26352109 | AM88: =D88+H88-'Syn prin concurents'!F92 -> 0.2590901 | AN88: =K88+O88+S88+W88-'Syn prin concurents'!I92 -> 0.56232541 | AO88: =L88+P88+T88+X88-'Syn prin concurents'!J92 -> 0.59800249 | AP88: =AA88-'Syn prin concurents'!M92 -> 0 | AQ88: =AB88-'Syn prin concurents'!N92 -> -0.001347211 | AR88: =AE88-'Syn prin concurents'!Q92 -> 0 | AS88: =AF88-'Syn prin concurents'!R92 -> 0 | AT88: =AI88-'Syn prin concurents'!U92 -> 0 | AU88: =AJ88-'Syn prin concurents'!V92 -> 0.013464599
A89: VIVALIS | C89: =VIVALIS!$B$70 -> 7264896.1 | D89: =+'[2]Syn prin concurents par catégor'!$C$89 -> 7313258.6 | E89: =IF(D89=0,0,C89/D89-1) -> -0.0066129907 | G89: =VIVALIS!$B$71+VIVALIS!$B$72 -> 6141466.3 | H89: =+'[2]Syn prin concurents par catégor'!$G$89 -> 5884779.2 | I89: =IF(H89=0,0,G89/H89-1) -> 0.043618827 | K89: =VIVALIS!$B$79 -> 4686770.5 | L89: =+'[2]Syn prin concurents par catégor'!$K$89 -> 4771650.4 | M89: =IF(L89=0,0,K89/L89-1) -> -0.017788363 | O89: =VIVALIS!$B$80 -> 532688.47 | P89: =+'[2]Syn prin concurents par catégor'!$O$89 -> 542898.37 | Q89: =IF(P89=0,0,O89/P89-1) -> -0.018806279 | S89: =VIVALIS!$B$81 -> 99919.827 | T89: =+'[2]Syn prin concurents par catégor'!$S$89 -> 99248.897 | U89: =IF(T89=0,0,S89/T89-1) -> 0.0067600751 | W89: =VIVALIS!$B$82 -> 750382.31 | X89: =+'[2]Syn prin concurents par catégor'!$W$89 -> 729823.72 | Y89: =IF(X89=0,0,W89/X89-1) -> 0.028169246 | AA89: =VIVALIS!$B$75-VIVALIS!$B$69 -> 0 | AB89: ='[3]Syn prin concurents par catégor'!AA89 -> 0 | AC89: =IF(AB89=0,0,AA89/AB89-1) -> 0 | AE89: =VIVALIS!$B$83 -> 0 | AF89: ='[3]Syn prin concurents par catégor'!AE89 -> 0 | AG89: =IF(AF89=0,0,AE89/AF89-1) -> 0 | AI89: =AE89+AA89+K89+G89+C89+O89+S89+W89 -> 19476124 | AJ89: =AF89+AB89+L89+H89+D89+P89+T89+X89 -> 19341659 | AK89: =IF(AJ89=0,0,AI89/AJ89-1) -> 0.0069520623 | AL89: =C89+G89-'Syn prin concurents'!E89 -> 0 | AM89: =D89+H89-'Syn prin concurents'!F89 -> 0 | AN89: =K89+O89+S89+W89-'Syn prin concurents'!I89 -> 0 | AO89: =L89+P89+T89+X89-'Syn prin concurents'!J89 -> 0 | AP89: =AA89-'Syn prin concurents'!M89 -> 0 | AQ89: =AB89-'Syn prin concurents'!N89 -> 0 | AR89: =AE89-'Syn prin concurents'!Q89 -> 0 | AS89: =AF89-'Syn prin concurents'!R89 -> 0 | AT89: =AI89-'Syn prin concurents'!U89 -> 0 | AU89: =AJ89-'Syn prin concurents'!V89 -> 0
A90: Part de marché | C90: =C89/C$99 -> 0.27683421 | D90: =D89/D$99 -> 0.26348753 | E90: =(C90-D90)*100 -> 1.334668 | G90: =G89/G$99 -> 0.16220065 | H90: =H89/H$99 -> 0.19031888 | I90: =(G90-H90)*100 -> -2.8118232 | K90: =K89/K$99 -> 0.28996146 | L90: =L89/L$99 -> 0.35579301 | M90: =(K90-L90)*100 -> -6.583155 | O90: =O89/O$99 -> 0.14493188 | P90: =P89/P$99 -> 0.1511086 | Q90: =(O90-P90)*100 -> -0.61767179 | S90: =S89/S$99 -> 0.061398931 | T90: =T89/T$99 -> 0.058463154 | U90: =(S90-T90)*100 -> 0.29357767 | W90: =W89/W$99 -> 0.081226877 | X90: =X89/X$99 -> 0.087462359 | Y90: =(W90-X90)*100 -> -0.62354817 | AA90: =AA89/AA$99 -> 0 | AB90: =AB89/AB$99 -> 0 | AC90: =(AA90-AB90)*100 -> 0 | AE90: =AE89/AE$99 -> 0 | AF90: =AF89/AF$99 -> 0 | AG90: =(AE90-AF90)*100 -> 0 | AI90: =AI89/AI$99 -> 0.20329154 | AJ90: =AJ89/AJ$99 -> 0.22384222 | AK90: =(AI90-AJ90)*100 -> -2.0550687 | AL90: =C90+G90-'Syn prin concurents'!E90 -> 0.22990733 | AM90: =D90+H90-'Syn prin concurents'!F90 -> 0.23410339 | AN90: =K90+O90+S90+W90-'Syn prin concurents'!I90 -> 0.37983512 | AO90: =L90+P90+T90+X90-'Syn prin concurents'!J90 -> 0.4526172 | AP90: =AA90-'Syn prin concurents'!M90 -> 0 | AQ90: =AB90-'Syn prin concurents'!N90 -> 0 | AR90: =AE90-'Syn prin concurents'!Q90 -> 0 | AS90: =AF90-'Syn prin concurents'!R90 -> 0 | AT90: =AI90-'Syn prin concurents'!U90 -> 0 | AU90: =AJ90-'Syn prin concurents'!V90 -> 0.012874441
A91: EQDOM | C91: =EQDOM!$B$70 -> 1533379.4 | D91: =+'[2]Syn prin concurents par catégor'!$C$91 -> 1402759.8 | E91: =IF(D91=0,0,C91/D91-1) -> 0.093116215 | G91: =EQDOM!$B$71+EQDOM!$B$72 -> 4662269.1 | H91: =+'[2]Syn prin concurents par catégor'!$G$91 -> 4335992.3 | I91: =IF(H91=0,0,G91/H91-1) -> 0.075248461 | K91: =EQDOM!$B$79 -> 3590843.1 | L91: =+'[2]Syn prin concurents par catégor'!$K$91 -> 3639755.2 | M91: =IF(L91=0,0,K91/L91-1) -> -0.01343829 | O91: =EQDOM!$B$80 -> 760728.01 | P91: =+'[2]Syn prin concurents par catégor'!$O$91 -> 766352.6 | Q91: =IF(P91=0,0,O91/P91-1) -> -0.0073394271 | S91: =EQDOM!$B$81 -> 583672.02 | T91: =+'[2]Syn prin concurents par catégor'!$S$91 -> 597948.21 | U91: =IF(T91=0,0,S91/T91-1) -> -0.023875295 | W91: =EQDOM!$B$82 -> 646721.73 | X91: =+'[2]Syn prin concurents par catégor'!$W$91 -> 625958.82 | Y91: =IF(X91=0,0,W91/X91-1) -> 0.03316977 | AA91: =EQDOM!$B$75-EQDOM!$B$69 -> 6524.837 | AB91: ='[3]Syn prin concurents par catégor'!AA93 -> 0 | AC91: =IF(AB91=0,0,AA91/AB91-1) -> 0 | AE91: =EQDOM!$B$83 -> 0 | AF91: ='[3]Syn prin concurents par catégor'!AE93 -> 0 | AG91: =IF(AF91=0,0,AE91/AF91-1) -> 0 | AI91: =AE91+AA91+K91+G91+C91+O91+S91+W91 -> 11784138 | AJ91: =AF91+AB91+L91+H91+D91+P91+T91+X91 -> 11368767 | AK91: =IF(AJ91=0,0,AI91/AJ91-1) -> 0.03653618 | AL91: =C91+G91-'Syn prin concurents'!E93 -> 0 | AM91: =D91+H91-'Syn prin concurents'!F93 -> 0 | AN91: =K91+O91+S91+W91-'Syn prin concurents'!I93 -> 0 | AO91: =L91+P91+T91+X91-'Syn prin concurents'!J93 -> 0 | AP91: =AA91-'Syn prin concurents'!M93 -> 0 | AQ91: =AB91-'Syn prin concurents'!N93 -> -6829.386 | AR91: =AE91-'Syn prin concurents'!Q93 -> 0 | AS91: =AF91-'Syn prin concurents'!R93 -> 0 | AT91: =AI91-'Syn prin concurents'!U93 -> 0 | AU91: =AJ91-'Syn prin concurents'!V93 -> -6829.386
A92: Part de marché | C92: =C91/C$99 -> 0.05843055 | D92: =D91/D$99 -> 0.050539673 | E92: =(C92-D92)*100 -> 0.78908777 | G92: =G91/G$99 -> 0.12313396 | H92: =H91/H$99 -> 0.14022977 | I92: =(G92-H92)*100 -> -1.7095806 | K92: =K91/K$99 -> 0.22215855 | L92: =L91/L$99 -> 0.27139446 | M92: =(K92-L92)*100 -> -4.9235913 | O92: =O91/O$99 -> 0.20697602 | P92: =P91/P$99 -> 0.21330413 | Q92: =(O92-P92)*100 -> -0.63281126 | S92: =S91/S$99 -> 0.35865593 | T92: =T91/T$99 -> 0.35222496 | U92: =(S92-T92)*100 -> 0.64309693 | W92: =W91/W$99 -> 0.070005897 | X92: =X91/X$99 -> 0.075015148 | Y92: =(W92-X92)*100 -> -0.50092514 | AA92: =AA91/AA$99 -> 0.0095275711 | AB92: =AB91/AB$99 -> 0 | AC92: =(AA92-AB92)*100 -> 0.95275711 | AE92: =AE91/AE$99 -> 0 | AF92: =AF91/AF$99 -> 0 | AG92: =(AE92-AF92)*100 -> 0 | AI92: =AI91/AI$99 -> 0.12300269 | AJ92: =AJ91/AJ$99 -> 0.13157145 | AK92: =(AI92-AJ92)*100 -> -0.85687572 | AL92: =C92+G92-'Syn prin concurents'!E94 -> 0.084917814 | AM92: =D92+H92-'Syn prin concurents'!F94 -> 0.095238486 | AN92: =K92+O92+S92+W92-'Syn prin concurents'!I94 -> 0.67599923 | AO92: =L92+P92+T92+X92-'Syn prin concurents'!J94 -> 0.72846632 | AP92: =AA92-'Syn prin concurents'!M94 -> 0 | AQ92: =AB92-'Syn prin concurents'!N94 -> -0.011444335 | AR92: =AE92-'Syn prin concurents'!Q94 -> 0 | AS92: =AF92-'Syn prin concurents'!R94 -> 0 | AT92: =AI92-'Syn prin concurents'!U94 -> 0 | AU92: =AJ92-'Syn prin concurents'!V94 -> 0.0074929319
A93: RCI | C93: ='RCI '!$B$70 -> 4976346.5 | D93: =+'[2]Syn prin concurents par catégor'!$C$93 -> 4793522.8 | E93: =IF(D93=0,0,C93/D93-1) -> 0.038139755 | G93: ='RCI '!$B$71+'RCI '!$B$72 -> 2164775.2 | H93: =+'[2]Syn prin concurents par catégor'!$G$93 -> 2108233.2 | I93: =IF(H93=0,0,G93/H93-1) -> 0.02681961 | K93: ='RCI '!$B$79 -> 0 | L93: =+'[2]Syn prin concurents par catégor'!$K$93 -> 0 | M93: =IF(L93=0,0,K93/L93-1) -> 0 | O93: ='RCI '!$B$80 -> 0 | P93: =+'[2]Syn prin concurents par catégor'!$O$93 -> 0 | Q93: =IF(P93=0,0,O93/P93-1) -> 0 | S93: ='RCI '!$B$81 -> 0 | T93: =+'[2]Syn prin concurents par catégor'!$S$93 -> 0 | U93: =IF(T93=0,0,S93/T93-1) -> 0 | W93: ='RCI '!$B$82 -> 0 | X93: =+'[2]Syn prin concurents par catégor'!$W$93 -> 0 | Y93: =IF(X93=0,0,W93/X93-1) -> 0 | AA93: ='RCI '!$B$75-'RCI '!$B$69 -> 0 | AB93: ='[3]Syn prin concurents par catégor'!AA91 -> 4183.0741 | AC93: =IF(AB93=0,0,AA93/AB93-1) -> -1 | AE93: ='RCI '!$B$83 -> 0 | AF93: ='[3]Syn prin concurents par catégor'!AE91 -> 0 | AG93: =IF(AF93=0,0,AE93/AF93-1) -> 0 | AI93: =AE93+AA93+K93+G93+C93+O93+S93+W93 -> 7141121.7 | AJ93: =AF93+AB93+L93+H93+D93+P93+T93+X93 -> 6905939 | AK93: =IF(AJ93=0,0,AI93/AJ93-1) -> 0.034055137 | AL93: =C93+G93-'Syn prin concurents'!E95 -> 0 | AM93: =D93+H93-'Syn prin concurents'!F95 -> 0 | AN93: =K93+O93+S93+W93-'Syn prin concurents'!I95 -> 0 | AO93: =L93+P93+T93+X93-'Syn prin concurents'!J95 -> 0 | AP93: =AA93-'Syn prin concurents'!M95 -> 0 | AQ93: =AB93-'Syn prin concurents'!N95 -> 4183.0741 | AR93: =AE93-'Syn prin concurents'!Q95 -> 0 | AS93: =AF93-'Syn prin concurents'!R95 -> 0 | AT93: =AI93-'Syn prin concurents'!U95 -> 0 | AU93: =AJ93-'Syn prin concurents'!V95 -> 4183.0741
A94: Part de marché | C94: =C93/C$99 -> 0.18962734 | D94: =D93/D$99 -> 0.17270461 | E94: =(C94-D94)*100 -> 1.6922736 | G94: =G93/G$99 -> 0.057173308 | H94: =H93/H$99 -> 0.068182098 | I94: =(G94-H94)*100 -> -1.100879 | K94: =K93/K$99 -> 0 | L94: =L93/L$99 -> 0 | M94: =(K94-L94)*100 -> 0 | O94: =O93/O$99 -> 0 | P94: =P93/P$99 -> 0 | Q94: =(O94-P94)*100 -> 0 | S94: =S93/S$99 -> 0 | T94: =T93/T$99 -> 0 | U94: =(S94-T94)*100 -> 0 | W94: =W93/W$99 -> 0 | X94: =X93/X$99 -> 0 | Y94: =(W94-X94)*100 -> 0 | AA94: =AA93/AA$99 -> 0 | AB94: =AB93/AB$99 -> 0.0091840036 | AC94: =(AA94-AB94)*100 -> -0.91840036 | AE94: =AE93/AE$99 -> 0 | AF94: =AF93/AF$99 -> 0 | AG94: =(AE94-AF94)*100 -> 0 | AI94: =AI93/AI$99 -> 0.07453894 | AJ94: =AJ93/AJ$99 -> 0.079922862 | AK94: =(AI94-AJ94)*100 -> -0.53839214 | AL94: =C94+G94-'Syn prin concurents'!E96 -> 0.1354054 | AM94: =D94+H94-'Syn prin concurents'!F96 -> 0.12599564 | AN94: =K94+O94+S94+W94-'Syn prin concurents'!I96 -> 0 | AO94: =L94+P94+T94+X94-'Syn prin concurents'!J96 -> 0 | AP94: =AA94-'Syn prin concurents'!M96 -> 0 | AQ94: =AB94-'Syn prin concurents'!N96 -> 0.0091840036 | AR94: =AE94-'Syn prin concurents'!Q96 -> 0 | AS94: =AF94-'Syn prin concurents'!R96 -> 0 | AT94: =AI94-'Syn prin concurents'!U96 -> 0 | AU94: =AJ94-'Syn prin concurents'!V96 -> 0.0046424454
A95: SALAFIN | C95: =SALAFIN!$B$70 -> 422824.3 | D95: =+'[2]Syn prin concurents par catégor'!$C$95 -> 423557.12 | E95: =IF(D95=0,0,C95/D95-1) -> -0.0017301539 | G95: =SALAFIN!$B$71+SALAFIN!$B$72 -> 1337717.5 | H95: =+'[2]Syn prin concurents par catégor'!$G$95 -> 1322164 | I95: =IF(H95=0,0,G95/H95-1) -> 0.011763703 | K95: =SALAFIN!$B$79 -> 441069.23 | L95: =+'[2]Syn prin concurents par catégor'!$K$95 -> 461017.44 | M95: =IF(L95=0,0,K95/L95-1) -> -0.043269962 | O95: =SALAFIN!$B$80 -> 198272.16 | P95: =+'[2]Syn prin concurents par catégor'!$O$95 -> 207408.91 | Q95: =IF(P95=0,0,O95/P95-1) -> -0.044051868 | S95: =SALAFIN!$B$81 -> 21767.944 | T95: =+'[2]Syn prin concurents par catégor'!$S$95 -> 23068.939 | U95: =IF(T95=0,0,S95/T95-1) -> -0.056395962 | W95: =SALAFIN!$B$82 -> 848257 | X95: =+'[2]Syn prin concurents par catégor'!$W$95 -> 860827.31 | Y95: =IF(X95=0,0,W95/X95-1) -> -0.014602586 | AA95: =SALAFIN!$B$75-SALAFIN!$B$69 -> 0 | AB95: ='[3]Syn prin concurents par catégor'!AA95 -> 0 | AC95: =IF(AB95=0,0,AA95/AB95-1) -> 0 | AE95: =SALAFIN!$B$83 -> 196073.64 | AF95: ='[3]Syn prin concurents par catégor'!AE95 -> 85419.979 | AG95: =IF(AF95=0,0,AE95/AF95-1) -> 1.2954072 | AI95: =AE95+AA95+K95+G95+C95+O95+S95+W95 -> 3465981.8 | AJ95: =AF95+AB95+L95+H95+D95+P95+T95+X95 -> 3383463.7 | AK95: =IF(AJ95=0,0,AI95/AJ95-1) -> 0.024388654 | AL95: =C95+G95-'Syn prin concurents'!E97 -> 0 | AM95: =D95+H95-'Syn prin concurents'!F97 -> 0 | AN95: =K95+O95+S95+W95-'Syn prin concurents'!I97 -> 0 | AO95: =L95+P95+T95+X95-'Syn prin concurents'!J97 -> 0 | AP95: =AA95-'Syn prin concurents'!M97 -> 0 | AQ95: =AB95-'Syn prin concurents'!N97 -> 0 | AR95: =AE95-'Syn prin concurents'!Q97 -> 0 | AS95: =AF95-'Syn prin concurents'!R97 -> -55958.798 | AT95: =AI95-'Syn prin concurents'!U97 -> 0 | AU95: =AJ95-'Syn prin concurents'!V97 -> -55958.798
A96: Part de marché | C96: =C95/C$99 -> 0.016112031 | D96: =D95/D$99 -> 0.015260231 | E96: =(C96-D96)*100 -> 0.085179954 | G96: =G95/G$99 -> 0.035330105 | H96: =H95/H$99 -> 0.042759935 | I96: =(G96-H96)*100 -> -0.74298291 | K96: =K95/K$99 -> 0.027288104 | L96: =L95/L$99 -> 0.034375273 | M96: =(K96-L96)*100 -> -0.70871692 | O96: =O95/O$99 -> 0.053945146 | P96: =P95/P$99 -> 0.057729534 | Q96: =(O96-P96)*100 -> -0.37843884 | S96: =S95/S$99 -> 0.013376009 | T96: =T95/T$99 -> 0.013588896 | U96: =(S96-T96)*100 -> -0.021288714 | W96: =W95/W$99 -> 0.091821551 | X96: =X95/X$99 -> 0.10316188 | Y96: =(W96-X96)*100 -> -1.1340328 | AA96: =AA95/AA$99 -> 0 | AB96: =AB95/AB$99 -> 0 | AC96: =(AA96-AB96)*100 -> 0 | AE96: =AE95/AE$99 -> 0.63545705 | AF96: =AF95/AF$99 -> 0.3718857 | AG96: =(AE96-AF96)*100 -> 26.357134 | AI96: =AI95/AI$99 -> 0.036177875 | AJ96: =AJ95/AJ$99 -> 0.039157036 | AK96: =(AI96-AJ96)*100 -> -0.29791603 | AL96: =C96+G96-'Syn prin concurents'!E98 -> 0.023979223 | AM96: =D96+H96-'Syn prin concurents'!F98 -> 0.028959771 | AN96: =K96+O96+S96+W96-'Syn prin concurents'!I98 -> 0.13727276 | AO96: =L96+P96+T96+X96-'Syn prin concurents'!J98 -> 0.15826809 | AP96: =AA96-'Syn prin concurents'!M98 -> 0 | AQ96: =AB96-'Syn prin concurents'!N98 -> 0 | AR96: =AE96-'Syn prin concurents'!Q98 -> 0 | AS96: =AF96-'Syn prin concurents'!R98 -> -0.0620454 | AT96: =AI96-'Syn prin concurents'!U98 -> 0 | AU96: =AJ96-'Syn prin concurents'!V98 -> 0.0016417774
A97: AXA | C97: ='AXA CREDIT'!$B$70 -> 12225.192 | D97: =+'[2]Syn prin concurents par catégor'!$C$97 -> 12225.192 | E97: =IF(D97=0,0,C97/D97-1) -> 0 | G97: ='AXA CREDIT'!$B$71+'AXA CREDIT'!$B$72 -> 8161.962 | H97: =+'[2]Syn prin concurents par catégor'!$G$97 -> 8161.962 | I97: =IF(H97=0,0,G97/H97-1) -> 0 | K97: ='AXA CREDIT'!$B$79 -> 1882545.8 | L97: =+'[2]Syn prin concurents par catégor'!$K$97 -> 1882545.8 | M97: =IF(L97=0,0,K97/L97-1) -> 0 | O97: ='AXA CREDIT'!$B$80 -> 69667.558 | P97: =+'[2]Syn prin concurents par catégor'!$O$97 -> 69667.558 | Q97: =IF(P97=0,0,O97/P97-1) -> 0 | S97: ='AXA CREDIT'!$B$81 -> 220560.44 | T97: =+'[2]Syn prin concurents par catégor'!$S$97 -> 220560.44 | U97: =IF(T97=0,0,S97/T97-1) -> 0 | W97: ='AXA CREDIT'!$B$82 -> 433414.37 | X97: =+'[2]Syn prin concurents par catégor'!$W$97 -> 433414.37 | Y97: =IF(X97=0,0,W97/X97-1) -> 0 | AA97: ='AXA CREDIT'!$B$75-'AXA CREDIT'!$B$69 -> 0 | AB97: ='[3]Syn prin concurents par catégor'!AA97 -> 0 | AC97: =IF(AB97=0,0,AA97/AB97-1) -> 0 | AE97: ='AXA CREDIT'!$B$83 -> 68.413 | AF97: ='[3]Syn prin concurents par catégor'!AE97 -> 70.74885 | AG97: =IF(AF97=0,0,AE97/AF97-1) -> -0.033016084 | AI97: =AE97+AA97+K97+G97+C97+O97+S97+W97 -> 2626643.7 | AJ97: =AF97+AB97+L97+H97+D97+P97+T97+X97 -> 2626646 | AK97: =IF(AJ97=0,0,AI97/AJ97-1) -> -8.8928998e-07 | AL97: =C97+G97-'Syn prin concurents'!E99 -> 0 | AM97: =D97+H97-'Syn prin concurents'!F99 -> 0 | AN97: =K97+O97+S97+W97-'Syn prin concurents'!I99 -> 0 | AO97: =L97+P97+T97+X97-'Syn prin concurents'!J99 -> 0 | AP97: =AA97-'Syn prin concurents'!M99 -> 0 | AQ97: =AB97-'Syn prin concurents'!N99 -> 0 | AR97: =AE97-'Syn prin concurents'!Q99 -> 0 | AS97: =AF97-'Syn prin concurents'!R99 -> -68342.251 | AT97: =AI97-'Syn prin concurents'!U99 -> 0 | AU97: =AJ97-'Syn prin concurents'!V99 -> 2.33585
A98: Part de marché | C98: =C97/C$99 -> 0.00046584993 | D98: =D97/D$99 -> 0.00044045832 | E98: =(C98-D98)*100 -> 0.0025391609 | G98: =G97/G$99 -> 0.00021556343 | H98: =H97/H$99 -> 0.00026396496 | I98: =(G98-H98)*100 -> -0.0048401529 | K98: =K97/K$99 -> 0.11646948 | L98: =L97/L$99 -> 0.14037001 | M98: =(K98-L98)*100 -> -2.3900534 | O98: =O97/O$99 -> 0.018954888 | P98: =P97/P$99 -> 0.019391045 | Q98: =(O98-P98)*100 -> -0.043615785 | S98: =S97/S$99 -> 0.13553041 | T98: =T97/T$99 -> 0.12992244 | U98: =(S98-T98)*100 -> 0.56079694 | W98: =W97/W$99 -> 0.046915946 | X98: =X97/X$99 -> 0.051940547 | Y98: =(W98-X98)*100 -> -0.50246007 | AA98: =AA97/AA$99 -> 0 | AB98: =AB97/AB$99 -> 0 | AC98: =(AA98-AB98)*100 -> 0 | AE98: =AE97/AE$99 -> 0.00022172039 | AF98: =AF97/AF$99 -> 0.00030801326 | AG98: =(AE98-AF98)*100 -> -0.0086292867 | AI98: =AI97/AI$99 -> 0.027416874 | AJ98: =AJ97/AJ$99 -> 0.030398338 | AK98: =(AI98-AJ98)*100 -> -0.29814634 | AL98: =C98+G98-'Syn prin concurents'!E100 -> 0.00036339158 | AM98: =D98+H98-'Syn prin concurents'!F100 -> 0.00036504561 | AN98: =K98+O98+S98+W98-'Syn prin concurents'!I100 -> 0.23299065 | AO98: =L98+P98+T98+X98-'Syn prin concurents'!J100 -> 0.25669291 | AP98: =AA98-'Syn prin concurents'!M100 -> 0 | AQ98: =AB98-'Syn prin concurents'!N100 -> 0 | AR98: =AE98-'Syn prin concurents'!Q100 -> 0 | AS98: =AF98-'Syn prin concurents'!R100 -> -0.20967066 | AT98: =AI98-'Syn prin concurents'!U100 -> 0 | AU98: =AJ98-'Syn prin concurents'!V100 -> 0.0017484069
A99: Marché | C99: =GLOBAL!B70 -> 26242769 | D99: =+'[2]Syn prin concurents par catégor'!$C$99 -> 27755616 | E99: =IF(D99=0,0,C99/D99-1) -> -0.054505984 | G99: =GLOBAL!B71+GLOBAL!B72 -> 37863389 | H99: =+'[2]Syn prin concurents par catégor'!$G$99 -> 30920627 | I99: =IF(H99=0,0,G99/H99-1) -> 0.22453497 | K99: =GLOBAL!B79 -> 16163425 | L99: =+'[2]Syn prin concurents par catégor'!$K$99 -> 13411310 | M99: =IF(L99=0,0,K99/L99-1) -> 0.20520856 | O99: =GLOBAL!B80 -> 3675440.3 | P99: =+'[2]Syn prin concurents par catégor'!$O$99 -> 3592769.6 | Q99: =IF(P99=0,0,O99/P99-1) -> 0.02301031 | S99: =GLOBAL!B81 -> 1627387.1 | T99: =+'[2]Syn prin concurents par catégor'!$S$99 -> 1697631.6 | U99: =IF(T99=0,0,S99/T99-1) -> -0.041377942 | W99: =GLOBAL!B82 -> 9238103.6 | X99: =+'[2]Syn prin concurents par catégor'!$W$99 -> 8344432.2 | Y99: =IF(X99=0,0,W99/X99-1) -> 0.10709793 | AA99: =GLOBAL!$B$75-GLOBAL!$B$69 -> 684837.39 | AB99: ='[3]Syn prin concurents par catégor'!AA99 -> 455473.92 | AC99: =IF(AB99=0,0,AA99/AB99-1) -> 0.50357105 | AE99: =GLOBAL!$B$83 -> 308555.29 | AF99: ='[3]Syn prin concurents par catégor'!AE99 -> 229694.17 | AG99: =IF(AF99=0,0,AE99/AF99-1) -> 0.34333096 | AI99: =AE99+AA99+K99+G99+C99+O99+S99+W99 -> 95803907 | AJ99: =AF99+AB99+L99+H99+D99+P99+T99+X99 -> 86407554 | AK99: =IF(AJ99=0,0,AI99/AJ99-1) -> 0.10874458 | AL99: =C99+G99-'Syn prin concurents'!E101 -> 0 | AM99: =D99+H99-'Syn prin concurents'!F101 -> -1395930.4 | AN99: =K99+O99+S99+W99-'Syn prin concurents'!I101 -> 0 | AO99: =L99+P99+T99+X99-'Syn prin concurents'!J101 -> -3639755.2 | AP99: =AA99-'Syn prin concurents'!M101 -> 0 | AQ99: =AB99-'Syn prin concurents'!N101 -> -141274.25 | AR99: =AE99-'Syn prin concurents'!Q101 -> 0 | AS99: =AF99-'Syn prin concurents'!R101 -> -96115.1 | AT99: =AI99-'Syn prin concurents'!U101 -> 0 | AU99: =AJ99-'Syn prin concurents'!V101 -> -5273074.9
A101: CES/EB
C103: Auto Classiques (En MDH) | G103: LOA (en MDH) | K103: Fonctionnaires (en MDH) | O103: Retraités (en MDH) | S103: Conventions (en MDH) | W103: Bancaires (en MDH) | AA103: Equipement domestique (en MDH) | AE103: Revolving (en MDH) | AI103: Global (en MDH)
C105: =C82 -> 46082 | D105: =D82 -> 45992 | E105: Evolution | G105: =G82 -> 46082 | H105: =H82 -> 45992 | I105: Evolution | K105: =G105 -> 46082 | L105: =H105 -> 45992 | M105: Evolution | O105: =K105 -> 46082 | P105: =L105 -> 45992 | Q105: Evolution | S105: =O105 -> 46082 | T105: =P105 -> 45992 | U105: Evolution | W105: =S105 -> 46082 | X105: =T105 -> 45992 | Y105: Evolution | AA105: =K105 -> 46082 | AB105: =L105 -> 45992 | AC105: Evolution | AE105: =AA105 -> 46082 | AF105: =AB105 -> 45992 | AG105: Evolution | AI105: =AE105 -> 46082 | AJ105: =AF105 -> 45992 | AK105: Evolution
A108: WAFASALAF | C108: =IF(C85=0,0,C62/C85) -> 0.25340385 | D108: =IF(D85=0,0,D62/D85) -> 0.23601964 | E108: =(C108-D108)*100 -> 1.7384207 | G108: =IF(G85=0,0,G62/G85) -> 0.022302234 | H108: =IF(H85=0,0,H62/H85) -> 0.021314766 | I108: =(G108-H108)*100 -> 0.098746845 | K108: =IF(K85=0,0,K62/K85) -> 0.05712296 | L108: =IF(L85=0,0,L62/L85) -> 0.054052767 | M108: =(K108-L108)*100 -> 0.30701936 | O108: =IF(O85=0,0,O62/O85) -> 0.036758626 | P108: =IF(P85=0,0,P62/P85) -> 0.033683956 | Q108: =(O108-P108)*100 -> 0.30746704 | S108: =IF(S85=0,0,S62/S85) -> 0.29616211 | T108: =IF(T85=0,0,T62/T85) -> 0.28040047 | U108: =(S108-T108)*100 -> 1.5761639 | W108: =IF(W85=0,0,W62/W85) -> 0.2414287 | X108: =IF(X85=0,0,X62/X85) -> 0.24791354 | Y108: =(W108-X108)*100 -> -0.64848438 | AA108: =IF(AA85=0,0,AA62/AA85) -> 0.10157856 | AB108: =IF(AB85=0,0,AB62/AB85) -> 0.096552639 | AC108: =(AA108-AB108)*100 -> 0.50259241 | AE108: =IF(AE85=0,0,AE62/AE85) -> 0.34146379 | AF108: =IF(AF85=0,0,AF62/AF85) -> 0.35573539 | AG108: =(AE108-AF108)*100 -> -1.4271594 | AI108: =IF(AI85=0,0,AI62/AI85) -> 0.1041468 | AJ108: =IF(AJ85=0,0,AJ62/AJ85) -> 0.10246616 | AK108: =(AI108-AJ108)*100 -> 0.16806443 | AT108: =AI108-'Syn prin concurents'!U114 -> 0 | AU108: =AJ108-'Syn prin concurents'!V114 -> 0.00024247465
A109: SOFAC | C109: =IF(C87=0,0,C64/C87) -> 0.17827647 | D109: =IF(D87=0,0,D64/D87) -> 0.18105456 | E109: =(C109-D109)*100 -> -0.27780883 | G109: =IF(G87=0,0,G64/G87) -> 0.043833619 | H109: =IF(H87=0,0,H64/H87) -> 0.045784929 | I109: =(G109-H109)*100 -> -0.19513105 | K109: =IF(K87=0,0,K64/K87) -> 0.06664563 | L109: =IF(L87=0,0,L64/L87) -> 0.063160918 | M109: =(K109-L109)*100 -> 0.34847117 | O109: =IF(O87=0,0,O64/O87) -> 0.02534349 | P109: =IF(P87=0,0,P64/P87) -> 0.022356254 | Q109: =(O109-P109)*100 -> 0.2987236 | S109: =IF(S87=0,0,S64/S87) -> 0.4274865 | T109: =IF(T87=0,0,T64/T87) -> 0.50788433 | U109: =(S109-T109)*100 -> -8.0397826 | W109: =IF(W87=0,0,W64/W87) -> 0.26068611 | X109: =IF(X87=0,0,X64/X87) -> 0.25343088 | Y109: =(W109-X109)*100 -> 0.72552282 | AA109: =IF(AA87=0,0,AA64/AA87) -> 0.067782696 | AB109: =IF(AB87=0,0,AB64/AB87) -> 0.040048028 | AC109: =(AA109-AB109)*100 -> 2.7734668 | AE109: =IF(AE87=0,0,AE64/AE87) -> 0 | AF109: =IF(AF87=0,0,AF64/AF87) -> 0 | AG109: =(AE109-AF109)*100 -> 0 | AI109: =IF(AI87=0,0,AI64/AI87) -> 0.11040646 | AJ109: =IF(AJ87=0,0,AJ64/AJ87) -> 0.11161512 | AK109: =(AI109-AJ109)*100 -> -0.12086647 | AT109: =AI109-'Syn prin concurents'!U115 -> 0 | AU109: =AJ109-'Syn prin concurents'!V115 -> -0.00019126952
A110: VIVALIS | C110: =IF(C89=0,0,C66/C89) -> 0.26653784 | D110: =IF(D89=0,0,D66/D89) -> 0.19989053 | E110: =(C110-D110)*100 -> 6.6647304 | G110: =IF(G89=0,0,G66/G89) -> 0.093432812 | H110: =IF(H89=0,0,H66/H89) -> 0.071632577 | I110: =(G110-H110)*100 -> 2.1800235 | K110: =IF(K89=0,0,K66/K89) -> 0.068455187 | L110: =IF(L89=0,0,L66/L89) -> 0.051085778 | M110: =(K110-L110)*100 -> 1.7369409 | O110: =IF(O89=0,0,O66/O89) -> 0.077737541 | P110: =IF(P89=0,0,P66/P89) -> 0.04129726 | Q110: =(O110-P110)*100 -> 3.6440281 | S110: =IF(S89=0,0,S66/S89) -> 0.12536009 | T110: =IF(T89=0,0,T66/T89) -> 0.11958233 | U110: =(S110-T110)*100 -> 0.57777685 | W110: =IF(W89=0,0,W66/W89) -> 0.34448775 | X110: =IF(X89=0,0,X66/X89) -> 0.26973995 | Y110: =(W110-X110)*100 -> 7.4747797 | AA110: =IF(AA89=0,0,AA66/AA89) -> 0 | AB110: =IF(AB89=0,0,AB66/AB89) -> 0 | AC110: =(AA110-AB110)*100 -> 0 | AE110: =IF(AE89=0,0,AE66/AE89) -> 0 | AF110: =IF(AF89=0,0,AF66/AF89) -> 0 | AG110: =(AE110-AF110)*100 -> 0 | AI110: =IF(AI89=0,0,AI66/AI89) -> 0.16140025 | AJ110: =IF(AJ89=0,0,AJ66/AJ89) -> 0.12192893 | AK110: =(AI110-AJ110)*100 -> 3.9471325 | AT110: =AI110-'Syn prin concurents'!U116 -> 0 | AU110: =AJ110-'Syn prin concurents'!V116 -> 0
A111: EQDOM | C111: =IF(C91=0,0,C68/C91) -> 0.32525903 | D111: =IF(D91=0,0,D68/D91) -> 0.32468538 | E111: =(C111-D111)*100 -> 0.057364658 | G111: =IF(G91=0,0,G68/G91) -> 0.083036967 | H111: =IF(H91=0,0,H68/H91) -> 0.085813681 | I111: =(G111-H111)*100 -> -0.27767138 | K111: =IF(K91=0,0,K68/K91) -> 0.12925824 | L111: =IF(L91=0,0,L68/L91) -> 0.13322761 | M111: =(K111-L111)*100 -> -0.39693685 | O111: =IF(O91=0,0,O68/O91) -> 0.056310974 | P111: =IF(P91=0,0,P68/P91) -> 0.057128152 | Q111: =(O111-P111)*100 -> -0.081717856 | S111: =IF(S91=0,0,S68/S91) -> 0.25437514 | T111: =IF(T91=0,0,T68/T91) -> 0.24675766 | U111: =(S111-T111)*100 -> 0.76174804 | W111: =IF(W91=0,0,W68/W91) -> 0.37838303 | X111: =IF(X91=0,0,X68/X91) -> 0.39373673 | Y111: =(W111-X111)*100 -> -1.5353695 | AA111: =IF(AA91=0,0,AA68/AA91) -> 0.76253139 | AB111: =IF(AB91=0,0,AB68/AB91) -> 0 | AC111: =(AA111-AB111)*100 -> 76.253139 | AE111: =IF(AE91=0,0,AE68/AE91) -> 0 | AF111: =IF(AF91=0,0,AF68/AF91) -> 0 | AG111: =(AE111-AF111)*100 -> 0 | AI111: =IF(AI91=0,0,AI68/AI91) -> 0.15198609 | AJ111: =IF(AJ91=0,0,AJ68/AJ91) -> 0.15395254 | AK111: =(AI111-AJ111)*100 -> -0.1966442 | AT111: =AI111-'Syn prin concurents'!U111 -> 0 | AU111: =AJ111-'Syn prin concurents'!V111 -> -0.00034533273
A112: RCI | C112: =IF(C93=0,0,C70/C93) -> 0.14651513 | D112: =IF(D93=0,0,D70/D93) -> 0.15134471 | E112: =(C112-D112)*100 -> -0.48295827 | G112: =IF(G93=0,0,G70/G93) -> 0.060785561 | H112: =IF(H93=0,0,H70/H93) -> 0.05948574 | I112: =(G112-H112)*100 -> 0.12998208 | K112: =IF(K93=0,0,K70/K93) -> 0 | L112: =IF(L93=0,0,L70/L93) -> 0 | M112: =(K112-L112)*100 -> 0 | O112: =IF(O93=0,0,O70/O93) -> 0 | P112: =IF(P93=0,0,P70/P93) -> 0 | Q112: =(O112-P112)*100 -> 0 | S112: =IF(S93=0,0,S70/S93) -> 0 | T112: =IF(T93=0,0,T70/T93) -> 0 | U112: =(S112-T112)*100 -> 0 | W112: =IF(W93=0,0,W70/W93) -> 0 | X112: =IF(X93=0,0,X70/X93) -> 0 | Y112: =(W112-X112)*100 -> 0 | AA112: =IF(AA93=0,0,AA70/AA93) -> 0 | AB112: =IF(AB93=0,0,AB70/AB93) -> 0.99011855 | AC112: =(AA112-AB112)*100 -> -99.011855 | AE112: =IF(AE93=0,0,AE70/AE93) -> 0 | AF112: =IF(AF93=0,0,AF70/AF93) -> 0 | AG112: =(AE112-AF112)*100 -> 0 | AI112: =IF(AI93=0,0,AI70/AI93) -> 0.12052688 | AJ112: =IF(AJ93=0,0,AJ70/AJ93) -> 0.12381022 | AK112: =(AI112-AJ112)*100 -> -0.32833448 | AT112: =AI112-'Syn prin concurents'!U113 -> 0 | AU112: =AJ112-'Syn prin concurents'!V113 -> 0.00052505941
A113: SALAFIN | C113: =IF(C95=0,0,C72/C95) -> 0.45706272 | D113: =IF(D95=0,0,D72/D95) -> 0.48839013 | E113: =(C113-D113)*100 -> -3.1327413 | G113: =IF(G95=0,0,G72/G95) -> 0.12884702 | H113: =IF(H95=0,0,H72/H95) -> 0.16284404 | I113: =(G113-H113)*100 -> -3.3997026 | K113: =IF(K95=0,0,K72/K95) -> 0.2341057 | L113: =IF(L95=0,0,L72/L95) -> 0.24314935 | M113: =(K113-L113)*100 -> -0.90436449 | O113: =IF(O95=0,0,O72/O95) -> 0.17843728 | P113: =IF(P95=0,0,P72/P95) -> 0.17192036 | Q113: =(O113-P113)*100 -> 0.65169178 | S113: =IF(S95=0,0,S72/S95) -> 0.68537378 | T113: =IF(T95=0,0,T72/T95) -> 0.59401241 | U113: =(S113-T113)*100 -> 9.1361369 | W113: =IF(W95=0,0,W72/W95) -> 0.46743278 | X113: =IF(X95=0,0,X72/X95) -> 0.57980776 | Y113: =(W113-X113)*100 -> -11.237497 | AA113: =IF(AA95=0,0,AA72/AA95) -> 0 | AB113: =IF(AB95=0,0,AB72/AB95) -> 0 | AC113: =(AA113-AB113)*100 -> 0 | AE113: =IF(AE95=0,0,AE72/AE95) -> 0.22614965 | AF113: =IF(AF95=0,0,AF72/AF95) -> 0.063341089 | AG113: =(AE113-AF113)*100 -> 16.280856 | AI113: =IF(AI95=0,0,AI72/AI95) -> 0.2769831 | AJ113: =IF(AJ95=0,0,AJ72/AJ95) -> 0.32160822 | AK113: =(AI113-AJ113)*100 -> -4.4625116 | AT113: =AI113-'Syn prin concurents'!U110 -> 0 | AU113: =AJ113-'Syn prin concurents'!V110 -> -0.0058562817
A114: AXA | C114: =IF(C97=0,0,C74/C97) -> 0.53832422 | D114: =IF(D97=0,0,D74/D97) -> 0.53832422 | E114: =(C114-D114)*100 -> 0 | G114: =IF(G97=0,0,G74/G97) -> 0.041157016 | H114: =IF(H97=0,0,H74/H97) -> 0.041157016 | I114: =(G114-H114)*100 -> 0 | K114: =IF(K97=0,0,K74/K97) -> 0.041990523 | L114: =IF(L97=0,0,L74/L97) -> 0.041990523 | M114: =(K114-L114)*100 -> 0 | O114: =IF(O97=0,0,O74/O97) -> 0.070420539 | P114: =IF(P97=0,0,P74/P97) -> 0.070420539 | Q114: =(O114-P114)*100 -> 0 | S114: =IF(S97=0,0,S74/S97) -> 0.32232163 | T114: =IF(T97=0,0,T74/T97) -> 0.32232163 | U114: =(S114-T114)*100 -> 0 | W114: =IF(W97=0,0,W74/W97) -> 0.65549816 | X114: =IF(X97=0,0,X74/X97) -> 0.65549816 | Y114: =(W114-X114)*100 -> 0 | AA114: =IF(AA97=0,0,AA74/AA97) -> 0 | AB114: =IF(AB97=0,0,AB74/AB97) -> 0 | AC114: =(AA114-AB114)*100 -> 0 | AE114: =IF(AE97=0,0,AE74/AE97) -> 1 | AF114: =IF(AF97=0,0,AF74/AF97) -> 0.95597172 | AG114: =(AE114-AF114)*100 -> 4.4028277 | AI114: =IF(AI97=0,0,AI74/AI97) -> 0.16984956 | AJ114: =IF(AJ97=0,0,AJ74/AJ97) -> 0.16984911 | AK114: =(AI114-AJ114)*100 -> 4.4765952e-05 | AT114: =AI114-'Syn prin concurents'!U112 -> 0 | AU114: =AJ114-'Syn prin concurents'!V112 -> -4.4765952e-07
A115: Marché | C115: =IF(C99=0,0,C76/C99) -> 0.21661618 | D115: =IF(D99=0,0,D76/D99) -> 0.1740335 | E115: =(C115-D115)*100 -> 4.2582675 | G115: =IF(G99=0,0,G76/G99) -> 0.053389001 | H115: =IF(H99=0,0,H76/H99) -> 0.047216953 | I115: =(G115-H115)*100 -> 0.61720479 | K115: =IF(K99=0,0,K76/K99) -> 0.080122799 | L115: =IF(L99=0,0,L76/L99) -> 0.058841077 | M115: =(K115-L115)*100 -> 2.1281722 | O115: =IF(O99=0,0,O76/O99) -> 0.051687636 | P115: =IF(P99=0,0,P76/P99) -> 0.075567327 | Q115: =(O115-P115)*100 -> -2.3879691 | S115: =IF(S99=0,0,S76/S99) -> 0.29259893 | T115: =IF(T99=0,0,T76/T99) -> 0.34501253 | U115: =(S115-T115)*100 -> -5.2413602 | W115: =IF(W99=0,0,W76/W99) -> 0.30402812 | X115: =IF(X99=0,0,X76/X99) -> 0.30614383 | Y115: =(W115-X115)*100 -> -0.21157128 | AA115: =IF(AA99=0,0,AA76/AA99) -> 0.10764167 | AB115: =IF(AB99=0,0,AB76/AB99) -> 0.1043726 | AC115: =(AA115-AB115)*100 -> 0.32690678 | AE115: =IF(AE99=0,0,AE76/AE99) -> 0.26833262 | AF115: =IF(AF99=0,0,AF76/AF99) -> 0.24718301 | AG115: =(AE115-AF115)*100 -> 2.1149608 | AI115: =IF(AI99=0,0,AI76/AI99) -> 0.13185744 | AJ115: =IF(AJ99=0,0,AJ76/AJ99) -> 0.12262392 | AK115: =(AI115-AJ115)*100 -> 0.92335223 | AT115: =AI115-'Syn prin concurents'!U117 -> 0 | AU115: =AJ115-'Syn prin concurents'!V117 -> -0.0043715572

Sheet Syn prin concurents par trim
B2: Indicateurs des principaux concurrents par trimestre
B9: Production nette
E11: Vehicules (en MDH) | J11: Prêts personnels (en MDH) | O11: Equipement domestique (en MDH) | T11: Revolving (en MDH) | Y11: Global (en MDH)
E13: T1 | F13: T2 | G13: T3 | H13: T4 | J13: T1 | K13: T2 | L13: T3 | M13: T4 | O13: T1 | P13: T2 | Q13: T3 | R13: T4 | T13: T1 | U13: T2 | V13: T3 | W13: T4 | Y13: T1 | Z13: T2 | AA13: T3 | AB13: T4
B16: WAFASALAF | E16: ='[1]Syn prin concurents'!E18 -> 826975.06 | F16: ='[6]Syn prin concurents par trim'!$F16 -> 1014273.7 | G16: ='[7]Syn prin concurents par trim'!G16 -> 997576.37 | H16: ='Syn prin concurents'!E18-G16-F16-E16 -> -1428452.5 | J16: ='[1]Syn prin concurents'!I18 -> 638934.88 | K16: ='[6]Syn prin concurents par trim'!K16 -> 775244.45 | L16: ='[7]Syn prin concurents par trim'!L16 -> 740352.67 | M16: ='Syn prin concurents'!I18-L16-K16-J16 -> -1492146.2 | O16: ='[1]Syn prin concurents'!M18 -> 162679.28 | P16: ='[6]Syn prin concurents par trim'!P16 -> 149244.38 | Q16: ='[7]Syn prin concurents par trim'!Q16 -> 137756.19 | R16: ='Syn prin concurents'!M18-Q16-P16-O16 -> -190384.52 | T16: ='[1]Syn prin concurents'!Q18 -> 6406.1676 | U16: ='[6]Syn prin concurents par trim'!U16 -> 6365.6764 | V16: ='[7]Syn prin concurents par trim'!V16 -> 4516.7925 | W16: ='Syn prin concurents'!Q18-V16-U16-T16 -> -12509.59 | Y16: =T16+O16+J16+E16 -> 1634995.4 | Z16: =U16+P16+K16+F16 -> 1945128.2 | AA16: =V16+Q16+L16+G16 -> 1880202 | AB16: =W16+R16+M16+H16 -> -3123492.8 | AD16: =E16+F16+G16+H16-'Syn prin concurents'!E18 -> 0 | AE16: =J16+K16+L16+M16-'Syn prin concurents'!I18 -> 0 | AF16: =O16+P16+Q16+R16-'Syn prin concurents'!M18 -> 0 | AG16: =T16+U16+V16+W16-'Syn prin concurents'!Q18 -> 0 | AH16: =Y16+Z16+AA16+AB16-'Syn prin concurents'!U18 -> 0
B17: Part de marché | E17: =E16/E$30 -> 0.19606743 | F17: =F16/F$30 -> 0.20709663 | G17: =G16/G$30 -> 0.23918708 | H17: =H16/H$30 -> 0.22576343 | J17: =J16/J$30 -> 0.34600572 | K17: =K16/K$30 -> 0.38636307 | L17: =L16/L$30 -> 0.36644786 | M17: =M16/M$30 -> 0.36541233 | O17: =O16/O$30 -> 0.98630263 | P17: =P16/P$30 -> 0.99154728 | Q17: =Q16/Q$30 -> 0.99177019 | R17: =R16/R$30 -> 0.9826564 | T17: =T16/T$30 -> 0.51736512 | U17: =U16/U$30 -> 2.6115253 | V17: =V16/V$30 -> 2.2062884 | W17: =W16/W$30 -> 1.1534898 | Y17: =Y16/Y$30 -> 0.26194577 | Z17: =Z16/Z$30 -> 0.27562873 | AA17: =AA16/AA$30 -> 0.29693694 | AB17: =AB16/AB$30 -> 0.29424559
B18: SOFAC | E18: ='[1]Syn prin concurents'!E16 -> 1394379.6 | F18: ='[6]Syn prin concurents par trim'!$F18 -> 1288206.4 | G18: ='[7]Syn prin concurents par trim'!G18 -> 1208298.1 | H18: ='Syn prin concurents'!E16-G18-F18-E18 -> -1019955 | J18: ='[1]Syn prin concurents'!I16 -> 307507.01 | K18: ='[6]Syn prin concurents par trim'!$K18 -> 282195.05 | L18: ='[7]Syn prin concurents par trim'!L18 -> 293267.67 | M18: ='Syn prin concurents'!I16-L18-K18-J18 -> -455024.92 | O18: ='[1]Syn prin concurents'!M16 -> 2147.3235 | P18: ='[6]Syn prin concurents par trim'!P18 -> 1094.0546 | Q18: ='[7]Syn prin concurents par trim'!Q18 -> 520.483 | R18: ='Syn prin concurents'!M16-Q18-P18-O18 -> -2618.7588 | T18: ='[1]Syn prin concurents'!Q16 -> 0 | U18: ='Syn prin concurents'!Q16-T18 -> 0 | V18: ='[7]Syn prin concurents par trim'!V18 -> 0 | W18: ='Syn prin concurents'!Q16-V18-U18-T18 -> 0 | Y18: =T18+O18+J18+E18 -> 1704033.9 | Z18: =U18+P18+K18+F18 -> 1571495.5 | AA18: =V18+Q18+L18+G18 -> 1502086.2 | AB18: =W18+R18+M18+H18 -> -1477598.6 | AD18: =E18+F18+G18+H18-'Syn prin concurents'!E16 -> 0 | AE18: =J18+K18+L18+M18-'Syn prin concurents'!I16 -> 0 | AF18: =O18+P18+Q18+R18-'Syn prin concurents'!M16 -> 0 | AG18: =T18+U18+V18+W18-'Syn prin concurents'!Q16 -> 0 | AH18: =Y18+Z18+AA18+AB18-'Syn prin concurents'!U16 -> 0
